,contributors,coordinates,created_at,entities,extended_entities,favorite_count,favorited,geo,id,id_str,in_reply_to_screen_name,in_reply_to_status_id,in_reply_to_status_id_str,in_reply_to_user_id,in_reply_to_user_id_str,is_quote_status,lang,place,possibly_sensitive,quoted_status,quoted_status_id,quoted_status_id_str,retweet_count,retweeted,source,text,truncated,user,preds,w_preds,pos_proba,w_pos_proba,hashtags
0,,,Thu Apr 26 20:46:19 +0000 2018,"{'hashtags': [], 'symbols': [], 'user_mentions': [{'screen_name': 'Toyota', 'name': 'Toyota USA', 'id': 14219877, 'id_str': '14219877', 'indices': [63, 70]}], 'urls': [{'url': 'https://t.co/OWlwPoWwmB', 'expanded_url': 'https://twitter.com/i/web/status/989606621750972416', 'display_url': 'twitter.com/i/web/status/9…', 'indices': [117, 140]}]}",,21,False,,989606621750972416,989606621750972416,,,,,,True,en,,False,"{'created_at': 'Thu Apr 26 19:35:23 +0000 2018', 'id': 989588772114313217, 'id_str': '989588772114313217', 'text': 'Announcing $170M investment in #Mississippi supporting our plan to invest $10 billion in US facilities over the nex… https://t.co/bg1aCL6rRw', 'truncated': True, 'entities': {'hashtags': [{'text': 'Mississippi', 'indices': [31, 43]}], 'symbols': [], 'user_mentions': [], 'urls': [{'url': 'https://t.co/bg1aCL6rRw', 'expanded_url': 'https://twitter.com/i/web/status/989588772114313217', 'display_url': 'twitter.com/i/web/status/9…', 'indices': [117, 140]}]}, 'source': '<a href=""http://www.spredfast.com"" rel=""nofollow"">Spredfast app</a>', 'in_reply_to_status_id': None, 'in_reply_to_status_id_str': None, 'in_reply_to_user_id': None, 'in_reply_to_user_id_str': None, 'in_reply_to_screen_name': None, 'user': {'id': 14219877, 'id_str': '14219877', 'name': 'Toyota USA', 'screen_name': 'Toyota', 'location': 'Plano, TX', 'description': 'Official tweets from Toyota #LetsGoPlaces', 'url': 'https://t.co/6mtGimUaaK', 'entities': {'url': {'urls': [{'url': 'https://t.co/6mtGimUaaK', 'expanded_url': 'http://toyota.com', 'display_url': 'toyota.com', 'indices': [0, 23]}]}, 'description': {'urls': []}}, 'protected': False, 'followers_count': 716420, 'friends_count': 18968, 'listed_count': 4562, 'created_at': 'Tue Mar 25 21:45:13 +0000 2008', 'favourites_count': 25556, 'utc_offset': -25200, 'time_zone': 'Pacific Time (US & Canada)', 'geo_enabled': True, 'verified': True, 'statuses_count': 28388, 'lang': 'en', 'contributors_enabled': False, 'is_translator': False, 'is_translation_enabled': False, 'profile_background_color': '89C9FA', 'profile_background_image_url': 'http://pbs.twimg.com/profile_background_images/727528592163246081/eM4VjqIb.jpg', 'profile_background_image_url_https': 'https://pbs.twimg.com/profile_background_images/727528592163246081/eM4VjqIb.jpg', 'profile_background_tile': False, 'profile_image_url': 'http://pbs.twimg.com/profile_images/507736312351174656/01xLuJUV_normal.png', 'profile_image_url_https': 'https://pbs.twimg.com/profile_images/507736312351174656/01xLuJUV_normal.png', 'profile_banner_url': 'https://pbs.twimg.com/profile_banners/14219877/1521828182', 'profile_link_color': '89C9FA', 'profile_sidebar_border_color': 'FFFFFF', 'profile_sidebar_fill_color': 'DDEEF6', 'profile_text_color': '333333', 'profile_use_background_image': True, 'has_extended_profile': False, 'default_profile': False, 'default_profile_image': False, 'following': False, 'follow_request_sent': False, 'notifications': False, 'translator_type': 'none'}, 'geo': None, 'coordinates': None, 'place': None, 'contributors': None, 'is_quote_status': False, 'retweet_count': 55, 'favorite_count': 96, 'favorited': False, 'retweeted': False, 'possibly_sensitive': False, 'lang': 'en'}",9.895887721143132e+17,989588772114313217,5,False,"<a href=""http://twitter.com"" rel=""nofollow"">Twitter Web Client</a>",This is wonderful news for all Mississippians. I'm grateful to @Toyota for its belief in our world-class workforce.… https://t.co/OWlwPoWwmB,True,"{'id': 983348251972816896, 'id_str': '983348251972816896', 'name': 'U.S. Senator Cindy Hyde-Smith', 'screen_name': 'SenHydeSmith', 'location': 'Brookhaven', 'description': 'Office of U.S. Senator Cindy Hyde-Smith (R-Miss.).', 'url': None, 'entities': {'description': {'urls': []}}, 'protected': False, 'followers_count': 3000, 'friends_count': 502, 'listed_count': 10, 'created_at': 'Mon Apr 09 14:17:47 +0000 2018', 'favourites_count': 13, 'utc_offset': -14400, 'time_zone': 'Eastern Time (US & Canada)', 'geo_enabled': False, 'verified': True, 'statuses_count': 29, 'lang': 'en', 'contributors_enabled': False, 'is_translator': False, 'is_translation_enabled': False, 'profile_background_color': 'F5F8FA', 'profile_background_image_url': None, 'profile_background_image_url_https': None, 'profile_background_tile': False, 'profile_image_url': 'http://pbs.twimg.com/profile_images/983357711558561792/ojPMbNlD_normal.jpg', 'profile_image_url_https': 'https://pbs.twimg.com/profile_images/983357711558561792/ojPMbNlD_normal.jpg', 'profile_banner_url': 'https://pbs.twimg.com/profile_banners/983348251972816896/1523286034', 'profile_link_color': '1DA1F2', 'profile_sidebar_border_color': 'C0DEED', 'profile_sidebar_fill_color': 'DDEEF6', 'profile_text_color': '333333', 'profile_use_background_image': True, 'has_extended_profile': False, 'default_profile': True, 'default_profile_image': False, 'following': False, 'follow_request_sent': False, 'notifications': False, 'translator_type': 'none'}",1,21,0.6668289170177627,14.003407257373016,[]
1,,,Thu Apr 26 19:03:11 +0000 2018,"{'hashtags': [], 'symbols': [], 'user_mentions': [{'screen_name': 'JohnCornyn', 'name': 'Senator John Cornyn', 'id': 13218102, 'id_str': '13218102', 'indices': [36, 47]}], 'urls': [{'url': 'https://t.co/SqbiHEBJtr', 'expanded_url': 'https://twitter.com/i/web/status/989580668165328897', 'display_url': 'twitter.com/i/web/status/9…', 'indices': [117, 140]}]}",,8,False,,989580668165328897,989580668165328897,,,,,,False,en,,False,,,,3,False,"<a href=""http://twitter.com"" rel=""nofollow"">Twitter Web Client</a>",Added my name as a cosponsor to the @JohnCornyn Constitutional Concealed Carry Reciprocity Act. This sensible legis… https://t.co/SqbiHEBJtr,True,"{'id': 983348251972816896, 'id_str': '983348251972816896', 'name': 'U.S. Senator Cindy Hyde-Smith', 'screen_name': 'SenHydeSmith', 'location': 'Brookhaven', 'description': 'Office of U.S. Senator Cindy Hyde-Smith (R-Miss.).', 'url': None, 'entities': {'description': {'urls': []}}, 'protected': False, 'followers_count': 3000, 'friends_count': 502, 'listed_count': 10, 'created_at': 'Mon Apr 09 14:17:47 +0000 2018', 'favourites_count': 13, 'utc_offset': -14400, 'time_zone': 'Eastern Time (US & Canada)', 'geo_enabled': False, 'verified': True, 'statuses_count': 29, 'lang': 'en', 'contributors_enabled': False, 'is_translator': False, 'is_translation_enabled': False, 'profile_background_color': 'F5F8FA', 'profile_background_image_url': None, 'profile_background_image_url_https': None, 'profile_background_tile': False, 'profile_image_url': 'http://pbs.twimg.com/profile_images/983357711558561792/ojPMbNlD_normal.jpg', 'profile_image_url_https': 'https://pbs.twimg.com/profile_images/983357711558561792/ojPMbNlD_normal.jpg', 'profile_banner_url': 'https://pbs.twimg.com/profile_banners/983348251972816896/1523286034', 'profile_link_color': '1DA1F2', 'profile_sidebar_border_color': 'C0DEED', 'profile_sidebar_fill_color': 'DDEEF6', 'profile_text_color': '333333', 'profile_use_background_image': True, 'has_extended_profile': False, 'default_profile': True, 'default_profile_image': False, 'following': False, 'follow_request_sent': False, 'notifications': False, 'translator_type': 'none'}",1,8,0.5685921362020592,4.548737089616473,[]
2,,,Thu Apr 26 17:56:50 +0000 2018,"{'hashtags': [], 'symbols': [], 'user_mentions': [{'screen_name': 'StateDept', 'name': 'Department of State', 'id': 9624742, 'id_str': '9624742', 'indices': [42, 52]}, {'screen_name': 'POTUS', 'name': 'President Trump', 'id': 822215679726100480, 'id_str': '822215679726100480', 'indices': [88, 94]}], 'urls': [{'url': 'https://t.co/avN8SZfbft', 'expanded_url': 'https://twitter.com/i/web/status/989563972415377408', 'display_url': 'twitter.com/i/web/status/9…', 'indices': [117, 140]}]}",,10,False,,989563972415377408,989563972415377408,,,,,,False,en,,,,,,3,False,"<a href=""http://twitter.com"" rel=""nofollow"">Twitter Web Client</a>","Voting to confirm Mike Pompeo to lead the @StateDept was easy. He has the confidence of @POTUS, and I believe he br… https://t.co/avN8SZfbft",True,"{'id': 983348251972816896, 'id_str': '983348251972816896', 'name': 'U.S. Senator Cindy Hyde-Smith', 'screen_name': 'SenHydeSmith', 'location': 'Brookhaven', 'description': 'Office of U.S. Senator Cindy Hyde-Smith (R-Miss.).', 'url': None, 'entities': {'description': {'urls': []}}, 'protected': False, 'followers_count': 3000, 'friends_count': 502, 'listed_count': 10, 'created_at': 'Mon Apr 09 14:17:47 +0000 2018', 'favourites_count': 13, 'utc_offset': -14400, 'time_zone': 'Eastern Time (US & Canada)', 'geo_enabled': False, 'verified': True, 'statuses_count': 29, 'lang': 'en', 'contributors_enabled': False, 'is_translator': False, 'is_translation_enabled': False, 'profile_background_color': 'F5F8FA', 'profile_background_image_url': None, 'profile_background_image_url_https': None, 'profile_background_tile': False, 'profile_image_url': 'http://pbs.twimg.com/profile_images/983357711558561792/ojPMbNlD_normal.jpg', 'profile_image_url_https': 'https://pbs.twimg.com/profile_images/983357711558561792/ojPMbNlD_normal.jpg', 'profile_banner_url': 'https://pbs.twimg.com/profile_banners/983348251972816896/1523286034', 'profile_link_color': '1DA1F2', 'profile_sidebar_border_color': 'C0DEED', 'profile_sidebar_fill_color': 'DDEEF6', 'profile_text_color': '333333', 'profile_use_background_image': True, 'has_extended_profile': False, 'default_profile': True, 'default_profile_image': False, 'following': False, 'follow_request_sent': False, 'notifications': False, 'translator_type': 'none'}",1,10,0.7297091152275561,7.297091152275561,[]
3,,,Wed Apr 25 22:21:18 +0000 2018,"{'hashtags': [], 'symbols': [], 'user_mentions': [{'screen_name': 'SenThadCochran', 'name': 'Senator Thad Cochran', 'id': 555474658, 'id_str': '555474658', 'indices': [58, 73]}], 'urls': [{'url': 'https://t.co/lYeQyqRsTV', 'expanded_url': 'https://twitter.com/i/web/status/989268137966174209', 'display_url': 'twitter.com/i/web/status/9…', 'indices': [117, 140]}]}",,129,False,,989268137966174209,989268137966174209,,,,,,False,en,,False,,,,29,False,"<a href=""http://twitter.com"" rel=""nofollow"">Twitter Web Client</a>",What a blessing to have an opportunity to share time with @SenThadCochran today as he closes down his office.  We b… https://t.co/lYeQyqRsTV,True,"{'id': 983348251972816896, 'id_str': '983348251972816896', 'name': 'U.S. Senator Cindy Hyde-Smith', 'screen_name': 'SenHydeSmith', 'location': 'Brookhaven', 'description': 'Office of U.S. Senator Cindy Hyde-Smith (R-Miss.).', 'url': None, 'entities': {'description': {'urls': []}}, 'protected': False, 'followers_count': 3000, 'friends_count': 502, 'listed_count': 10, 'created_at': 'Mon Apr 09 14:17:47 +0000 2018', 'favourites_count': 13, 'utc_offset': -14400, 'time_zone': 'Eastern Time (US & Canada)', 'geo_enabled': False, 'verified': True, 'statuses_count': 29, 'lang': 'en', 'contributors_enabled': False, 'is_translator': False, 'is_translation_enabled': False, 'profile_background_color': 'F5F8FA', 'profile_background_image_url': None, 'profile_background_image_url_https': None, 'profile_background_tile': False, 'profile_image_url': 'http://pbs.twimg.com/profile_images/983357711558561792/ojPMbNlD_normal.jpg', 'profile_image_url_https': 'https://pbs.twimg.com/profile_images/983357711558561792/ojPMbNlD_normal.jpg', 'profile_banner_url': 'https://pbs.twimg.com/profile_banners/983348251972816896/1523286034', 'profile_link_color': '1DA1F2', 'profile_sidebar_border_color': 'C0DEED', 'profile_sidebar_fill_color': 'DDEEF6', 'profile_text_color': '333333', 'profile_use_background_image': True, 'has_extended_profile': False, 'default_profile': True, 'default_profile_image': False, 'following': False, 'follow_request_sent': False, 'notifications': False, 'translator_type': 'none'}",1,129,0.5733541297980985,73.96268274395472,[]
4,,,Wed Apr 25 21:23:20 +0000 2018,"{'hashtags': [], 'symbols': [], 'user_mentions': [{'screen_name': 'SenatorLankford', 'name': 'Sen. James Lankford', 'id': 225921757, 'id_str': '225921757', 'indices': [50, 66]}], 'urls': [{'url': 'https://t.co/5f1HylHksq', 'expanded_url': 'https://twitter.com/i/web/status/989253549212229633', 'display_url': 'twitter.com/i/web/status/9…', 'indices': [117, 140]}]}",,45,False,,989253549212229633,989253549212229633,,,,,,False,en,,False,,,,24,False,"<a href=""http://twitter.com"" rel=""nofollow"">Twitter Web Client</a>",Happy to vote with the Rules Committee to advance @SenatorLankford resolution to change Senate rules to get past De… https://t.co/5f1HylHksq,True,"{'id': 983348251972816896, 'id_str': '983348251972816896', 'name': 'U.S. Senator Cindy Hyde-Smith', 'screen_name': 'SenHydeSmith', 'location': 'Brookhaven', 'description': 'Office of U.S. Senator Cindy Hyde-Smith (R-Miss.).', 'url': None, 'entities': {'description': {'urls': []}}, 'protected': False, 'followers_count': 3000, 'friends_count': 502, 'listed_count': 10, 'created_at': 'Mon Apr 09 14:17:47 +0000 2018', 'favourites_count': 13, 'utc_offset': -14400, 'time_zone': 'Eastern Time (US & Canada)', 'geo_enabled': False, 'verified': True, 'statuses_count': 29, 'lang': 'en', 'contributors_enabled': False, 'is_translator': False, 'is_translation_enabled': False, 'profile_background_color': 'F5F8FA', 'profile_background_image_url': None, 'profile_background_image_url_https': None, 'profile_background_tile': False, 'profile_image_url': 'http://pbs.twimg.com/profile_images/983357711558561792/ojPMbNlD_normal.jpg', 'profile_image_url_https': 'https://pbs.twimg.com/profile_images/983357711558561792/ojPMbNlD_normal.jpg', 'profile_banner_url': 'https://pbs.twimg.com/profile_banners/983348251972816896/1523286034', 'profile_link_color': '1DA1F2', 'profile_sidebar_border_color': 'C0DEED', 'profile_sidebar_fill_color': 'DDEEF6', 'profile_text_color': '333333', 'profile_use_background_image': True, 'has_extended_profile': False, 'default_profile': True, 'default_profile_image': False, 'following': False, 'follow_request_sent': False, 'notifications': False, 'translator_type': 'none'}",1,45,0.8474567511064988,38.13555379979245,[]
5,,,Tue Apr 24 22:57:26 +0000 2018,"{'hashtags': [], 'symbols': [], 'user_mentions': [], 'urls': [{'url': 'https://t.co/nqIaGpSo0t', 'expanded_url': 'https://twitter.com/i/web/status/988914845163642882', 'display_url': 'twitter.com/i/web/status/9…', 'indices': [117, 140]}]}",,25,False,,988914845163642882,988914845163642882,,,,,,False,en,,False,,,,6,False,"<a href=""http://twitter.com"" rel=""nofollow"">Twitter Web Client</a>",I'm proud of MSU President Mark Keenum on his presidential appointment to lead the Board for International Food and… https://t.co/nqIaGpSo0t,True,"{'id': 983348251972816896, 'id_str': '983348251972816896', 'name': 'U.S. Senator Cindy Hyde-Smith', 'screen_name': 'SenHydeSmith', 'location': 'Brookhaven', 'description': 'Office of U.S. Senator Cindy Hyde-Smith (R-Miss.).', 'url': None, 'entities': {'description': {'urls': []}}, 'protected': False, 'followers_count': 3000, 'friends_count': 502, 'listed_count': 10, 'created_at': 'Mon Apr 09 14:17:47 +0000 2018', 'favourites_count': 13, 'utc_offset': -14400, 'time_zone': 'Eastern Time (US & Canada)', 'geo_enabled': False, 'verified': True, 'statuses_count': 29, 'lang': 'en', 'contributors_enabled': False, 'is_translator': False, 'is_translation_enabled': False, 'profile_background_color': 'F5F8FA', 'profile_background_image_url': None, 'profile_background_image_url_https': None, 'profile_background_tile': False, 'profile_image_url': 'http://pbs.twimg.com/profile_images/983357711558561792/ojPMbNlD_normal.jpg', 'profile_image_url_https': 'https://pbs.twimg.com/profile_images/983357711558561792/ojPMbNlD_normal.jpg', 'profile_banner_url': 'https://pbs.twimg.com/profile_banners/983348251972816896/1523286034', 'profile_link_color': '1DA1F2', 'profile_sidebar_border_color': 'C0DEED', 'profile_sidebar_fill_color': 'DDEEF6', 'profile_text_color': '333333', 'profile_use_background_image': True, 'has_extended_profile': False, 'default_profile': True, 'default_profile_image': False, 'following': False, 'follow_request_sent': False, 'notifications': False, 'translator_type': 'none'}",1,25,0.8925508882214264,22.31377220553566,[]
6,,,Tue Apr 24 21:52:58 +0000 2018,"{'hashtags': [], 'symbols': [], 'user_mentions': [{'screen_name': 'SenPatRoberts', 'name': 'Pat Roberts', 'id': 75364211, 'id_str': '75364211', 'indices': [16, 30]}, {'screen_name': 'SecretarySonny', 'name': 'Sec. Sonny Perdue', 'id': 842072478834909184, 'id_str': '842072478834909184', 'indices': [58, 73]}], 'urls': [{'url': 'https://t.co/pRAYd1DgxH', 'expanded_url': 'https://twitter.com/i/web/status/988898618320064512', 'display_url': 'twitter.com/i/web/status/9…', 'indices': [116, 139]}]}",,8,False,,988898618320064512,988898618320064512,,,,,,False,en,,False,,,,3,False,"<a href=""http://twitter.com"" rel=""nofollow"">Twitter Web Client</a>","Pleased to join @SenPatRoberts, Agriculture Committee and @SecretarySonny at 'The State of Rural America' hearing.… https://t.co/pRAYd1DgxH",True,"{'id': 983348251972816896, 'id_str': '983348251972816896', 'name': 'U.S. Senator Cindy Hyde-Smith', 'screen_name': 'SenHydeSmith', 'location': 'Brookhaven', 'description': 'Office of U.S. Senator Cindy Hyde-Smith (R-Miss.).', 'url': None, 'entities': {'description': {'urls': []}}, 'protected': False, 'followers_count': 3000, 'friends_count': 502, 'listed_count': 10, 'created_at': 'Mon Apr 09 14:17:47 +0000 2018', 'favourites_count': 13, 'utc_offset': -14400, 'time_zone': 'Eastern Time (US & Canada)', 'geo_enabled': False, 'verified': True, 'statuses_count': 29, 'lang': 'en', 'contributors_enabled': False, 'is_translator': False, 'is_translation_enabled': False, 'profile_background_color': 'F5F8FA', 'profile_background_image_url': None, 'profile_background_image_url_https': None, 'profile_background_tile': False, 'profile_image_url': 'http://pbs.twimg.com/profile_images/983357711558561792/ojPMbNlD_normal.jpg', 'profile_image_url_https': 'https://pbs.twimg.com/profile_images/983357711558561792/ojPMbNlD_normal.jpg', 'profile_banner_url': 'https://pbs.twimg.com/profile_banners/983348251972816896/1523286034', 'profile_link_color': '1DA1F2', 'profile_sidebar_border_color': 'C0DEED', 'profile_sidebar_fill_color': 'DDEEF6', 'profile_text_color': '333333', 'profile_use_background_image': True, 'has_extended_profile': False, 'default_profile': True, 'default_profile_image': False, 'following': False, 'follow_request_sent': False, 'notifications': False, 'translator_type': 'none'}",1,8,0.5381285524720393,4.305028419776314,[]
7,,,Fri Apr 20 15:54:08 +0000 2018,"{'hashtags': [], 'symbols': [], 'user_mentions': [{'screen_name': 'SenJoniErnst', 'name': 'Joni Ernst', 'id': 2856787757, 'id_str': '2856787757', 'indices': [23, 36]}], 'urls': [{'url': 'https://t.co/aVstPh6j8g', 'expanded_url': 'https://twitter.com/SenJoniErnst/status/987326212606517248', 'display_url': 'twitter.com/SenJoniErnst/s…', 'indices': [116, 139]}]}",,24,False,,987358765044457473,987358765044457473,,,,,,True,en,,False,"{'created_at': 'Fri Apr 20 13:44:47 +0000 2018', 'id': 987326212606517248, 'id_str': '987326212606517248', 'text': 'Had a great discussion earlier this week on working family issues with @IvankaTrump, @SenatorCollins,… https://t.co/rhM5R6JLQu', 'truncated': True, 'entities': {'hashtags': [], 'symbols': [], 'user_mentions': [{'screen_name': 'IvankaTrump', 'name': 'Ivanka Trump', 'id': 52544275, 'id_str': '52544275', 'indices': [71, 83]}, {'screen_name': 'SenatorCollins', 'name': 'Sen. Susan Collins', 'id': 19726613, 'id_str': '19726613', 'indices': [85, 100]}], 'urls': [{'url': 'https://t.co/rhM5R6JLQu', 'expanded_url': 'https://twitter.com/i/web/status/987326212606517248', 'display_url': 'twitter.com/i/web/status/9…', 'indices': [103, 126]}]}, 'source': '<a href=""http://twitter.com"" rel=""nofollow"">Twitter Web Client</a>', 'in_reply_to_status_id': None, 'in_reply_to_status_id_str': None, 'in_reply_to_user_id': None, 'in_reply_to_user_id_str': None, 'in_reply_to_screen_name': None, 'user': {'id': 2856787757, 'id_str': '2856787757', 'name': 'Joni Ernst', 'screen_name': 'SenJoniErnst', 'location': 'Iowa ', 'description': 'Follow for news and updates from the Office of Iowa Senator Joni K. Ernst. Tweets from Joni are signed JKE.', 'url': 'http://t.co/zUYK5PQEOd', 'entities': {'url': {'urls': [{'url': 'http://t.co/zUYK5PQEOd', 'expanded_url': 'http://Ernst.Senate.Gov', 'display_url': 'Ernst.Senate.Gov', 'indices': [0, 22]}]}, 'description': {'urls': []}}, 'protected': False, 'followers_count': 35921, 'friends_count': 49, 'listed_count': 896, 'created_at': 'Sun Nov 02 13:32:54 +0000 2014', 'favourites_count': 4, 'utc_offset': -14400, 'time_zone': 'Eastern Time (US & Canada)', 'geo_enabled': True, 'verified': True, 'statuses_count': 1821, 'lang': 'en', 'contributors_enabled': False, 'is_translator': False, 'is_translation_enabled': False, 'profile_background_color': 'FFFFFF', 'profile_background_image_url': 'http://abs.twimg.com/images/themes/theme1/bg.png', 'profile_background_image_url_https': 'https://abs.twimg.com/images/themes/theme1/bg.png', 'profile_background_tile': False, 'profile_image_url': 'http://pbs.twimg.com/profile_images/817365634434695168/dHmvZNA2_normal.jpg', 'profile_image_url_https': 'https://pbs.twimg.com/profile_images/817365634434695168/dHmvZNA2_normal.jpg', 'profile_banner_url': 'https://pbs.twimg.com/profile_banners/2856787757/1458665236', 'profile_link_color': '4A913C', 'profile_sidebar_border_color': 'C0DEED', 'profile_sidebar_fill_color': 'DDEEF6', 'profile_text_color': '333333', 'profile_use_background_image': False, 'has_extended_profile': False, 'default_profile': False, 'default_profile_image': False, 'following': False, 'follow_request_sent': False, 'notifications': False, 'translator_type': 'none'}, 'geo': None, 'coordinates': None, 'place': None, 'contributors': None, 'is_quote_status': False, 'retweet_count': 262, 'favorite_count': 1720, 'favorited': False, 'retweeted': False, 'possibly_sensitive': False, 'lang': 'en'}",9.873262126065172e+17,987326212606517248,4,False,"<a href=""http://twitter.com"" rel=""nofollow"">Twitter Web Client</a>","Thank you for hosting, @SenJoniErnst. I enjoyed this meeting and look forward to working with you all for families. https://t.co/aVstPh6j8g",False,"{'id': 983348251972816896, 'id_str': '983348251972816896', 'name': 'U.S. Senator Cindy Hyde-Smith', 'screen_name': 'SenHydeSmith', 'location': 'Brookhaven', 'description': 'Office of U.S. Senator Cindy Hyde-Smith (R-Miss.).', 'url': None, 'entities': {'description': {'urls': []}}, 'protected': False, 'followers_count': 3000, 'friends_count': 502, 'listed_count': 10, 'created_at': 'Mon Apr 09 14:17:47 +0000 2018', 'favourites_count': 13, 'utc_offset': -14400, 'time_zone': 'Eastern Time (US & Canada)', 'geo_enabled': False, 'verified': True, 'statuses_count': 29, 'lang': 'en', 'contributors_enabled': False, 'is_translator': False, 'is_translation_enabled': False, 'profile_background_color': 'F5F8FA', 'profile_background_image_url': None, 'profile_background_image_url_https': None, 'profile_background_tile': False, 'profile_image_url': 'http://pbs.twimg.com/profile_images/983357711558561792/ojPMbNlD_normal.jpg', 'profile_image_url_https': 'https://pbs.twimg.com/profile_images/983357711558561792/ojPMbNlD_normal.jpg', 'profile_banner_url': 'https://pbs.twimg.com/profile_banners/983348251972816896/1523286034', 'profile_link_color': '1DA1F2', 'profile_sidebar_border_color': 'C0DEED', 'profile_sidebar_fill_color': 'DDEEF6', 'profile_text_color': '333333', 'profile_use_background_image': True, 'has_extended_profile': False, 'default_profile': True, 'default_profile_image': False, 'following': False, 'follow_request_sent': False, 'notifications': False, 'translator_type': 'none'}",1,24,0.9488885457768074,22.773325098643376,[]
8,,,Thu Apr 19 20:37:25 +0000 2018,"{'hashtags': [{'text': 'OpioidEpidemic', 'indices': [4, 19]}], 'symbols': [], 'user_mentions': [{'screen_name': 'HHSGov', 'name': 'HHS.gov', 'id': 44783853, 'id_str': '44783853', 'indices': [46, 53]}], 'urls': [{'url': 'https://t.co/W778f8hw2P', 'expanded_url': 'https://twitter.com/i/web/status/987067665998139393', 'display_url': 'twitter.com/i/web/status/9…', 'indices': [117, 140]}]}",,9,False,,987067665998139393,987067665998139393,,,,,,False,en,,False,,,,3,False,"<a href=""http://twitter.com"" rel=""nofollow"">Twitter Web Client</a>",The #OpioidEpidemic is affecting Mississippi. @HHSGov has awarded $3.58 million in second round funding to combat t… https://t.co/W778f8hw2P,True,"{'id': 983348251972816896, 'id_str': '983348251972816896', 'name': 'U.S. Senator Cindy Hyde-Smith', 'screen_name': 'SenHydeSmith', 'location': 'Brookhaven', 'description': 'Office of U.S. Senator Cindy Hyde-Smith (R-Miss.).', 'url': None, 'entities': {'description': {'urls': []}}, 'protected': False, 'followers_count': 3000, 'friends_count': 502, 'listed_count': 10, 'created_at': 'Mon Apr 09 14:17:47 +0000 2018', 'favourites_count': 13, 'utc_offset': -14400, 'time_zone': 'Eastern Time (US & Canada)', 'geo_enabled': False, 'verified': True, 'statuses_count': 29, 'lang': 'en', 'contributors_enabled': False, 'is_translator': False, 'is_translation_enabled': False, 'profile_background_color': 'F5F8FA', 'profile_background_image_url': None, 'profile_background_image_url_https': None, 'profile_background_tile': False, 'profile_image_url': 'http://pbs.twimg.com/profile_images/983357711558561792/ojPMbNlD_normal.jpg', 'profile_image_url_https': 'https://pbs.twimg.com/profile_images/983357711558561792/ojPMbNlD_normal.jpg', 'profile_banner_url': 'https://pbs.twimg.com/profile_banners/983348251972816896/1523286034', 'profile_link_color': '1DA1F2', 'profile_sidebar_border_color': 'C0DEED', 'profile_sidebar_fill_color': 'DDEEF6', 'profile_text_color': '333333', 'profile_use_background_image': True, 'has_extended_profile': False, 'default_profile': True, 'default_profile_image': False, 'following': False, 'follow_request_sent': False, 'notifications': False, 'translator_type': 'none'}",1,9,0.6065486876966533,5.45893818926988,['OpioidEpidemic']
9,,,Thu Apr 19 20:18:28 +0000 2018,"{'hashtags': [], 'symbols': [], 'user_mentions': [{'screen_name': 'SenShelby', 'name': 'Richard Shelby', 'id': 21111098, 'id_str': '21111098', 'indices': [10, 20]}], 'urls': [{'url': 'https://t.co/AHFVndodUr', 'expanded_url': 'https://twitter.com/SenShelby/status/987030915821031425', 'display_url': 'twitter.com/SenShelby/stat…', 'indices': [79, 102]}]}",,7,False,,987062899356119040,987062899356119040,,,,,,True,en,,False,"{'created_at': 'Thu Apr 19 18:11:23 +0000 2018', 'id': 987030915821031425, 'id_str': '987030915821031425', 'text': 'Today I hosted my annual Thursday lunch in the Capitol and handed out @PriestersPecans from Alabama as the gift for… https://t.co/7Xqh330OSN', 'truncated': True, 'entities': {'hashtags': [], 'symbols': [], 'user_mentions': [{'screen_name': 'PriestersPecans', 'name': 'Priesters Pecans', 'id': 41671379, 'id_str': '41671379', 'indices': [70, 86]}], 'urls': [{'url': 'https://t.co/7Xqh330OSN', 'expanded_url': 'https://twitter.com/i/web/status/987030915821031425', 'display_url': 'twitter.com/i/web/status/9…', 'indices': [117, 140]}]}, 'source': '<a href=""http://twitter.com/download/iphone"" rel=""nofollow"">Twitter for iPhone</a>', 'in_reply_to_status_id': None, 'in_reply_to_status_id_str': None, 'in_reply_to_user_id': None, 'in_reply_to_user_id_str': None, 'in_reply_to_screen_name': None, 'user': {'id': 21111098, 'id_str': '21111098', 'name': 'Richard Shelby', 'screen_name': 'SenShelby', 'location': 'Tuscaloosa, Alabama', 'description': 'The official Twitter page for U.S. Senator Richard Shelby (R-Ala.) https://t.co/YqOy54UpSf', 'url': 'https://t.co/1iULT8X6Vz', 'entities': {'url': {'urls': [{'url': 'https://t.co/1iULT8X6Vz', 'expanded_url': 'http://www.shelby.senate.gov', 'display_url': 'shelby.senate.gov', 'indices': [0, 23]}]}, 'description': {'urls': [{'url': 'https://t.co/YqOy54UpSf', 'expanded_url': 'https://www.facebook.com/RichardShelby', 'display_url': 'facebook.com/RichardShelby', 'indices': [67, 90]}]}}, 'protected': False, 'followers_count': 70783, 'friends_count': 446, 'listed_count': 1868, 'created_at': 'Tue Feb 17 17:53:43 +0000 2009', 'favourites_count': 243, 'utc_offset': -18000, 'time_zone': 'Central Time (US & Canada)', 'geo_enabled': False, 'verified': True, 'statuses_count': 1679, 'lang': 'en', 'contributors_enabled': False, 'is_translator': False, 'is_translation_enabled': False, 'profile_background_color': '000000', 'profile_background_image_url': 'http://pbs.twimg.com/profile_background_images/621069910605586432/kqTnJuG4.png', 'profile_background_image_url_https': 'https://pbs.twimg.com/profile_background_images/621069910605586432/kqTnJuG4.png', 'profile_background_tile': False, 'profile_image_url': 'http://pbs.twimg.com/profile_images/621070518834212864/ikIQKvUq_normal.jpg', 'profile_image_url_https': 'https://pbs.twimg.com/profile_images/621070518834212864/ikIQKvUq_normal.jpg', 'profile_banner_url': 'https://pbs.twimg.com/profile_banners/21111098/1436912050', 'profile_link_color': 'A60000', 'profile_sidebar_border_color': 'FFFFFF', 'profile_sidebar_fill_color': 'FFFFFF', 'profile_text_color': '333333', 'profile_use_background_image': False, 'has_extended_profile': False, 'default_profile': False, 'default_profile_image': False, 'following': False, 'follow_request_sent': False, 'notifications': False, 'translator_type': 'none'}, 'geo': None, 'coordinates': None, 'place': None, 'contributors': None, 'is_quote_status': False, 'retweet_count': 7, 'favorite_count': 32, 'favorited': False, 'retweeted': False, 'possibly_sensitive': False, 'lang': 'en'}",9.870309158210314e+17,987030915821031425,2,False,"<a href=""http://twitter.com"" rel=""nofollow"">Twitter Web Client</a>",Thank you @SenShelby for hosting an enjoyable lunch of good ol' Southern food. https://t.co/AHFVndodUr,False,"{'id': 983348251972816896, 'id_str': '983348251972816896', 'name': 'U.S. Senator Cindy Hyde-Smith', 'screen_name': 'SenHydeSmith', 'location': 'Brookhaven', 'description': 'Office of U.S. Senator Cindy Hyde-Smith (R-Miss.).', 'url': None, 'entities': {'description': {'urls': []}}, 'protected': False, 'followers_count': 3000, 'friends_count': 502, 'listed_count': 10, 'created_at': 'Mon Apr 09 14:17:47 +0000 2018', 'favourites_count': 13, 'utc_offset': -14400, 'time_zone': 'Eastern Time (US & Canada)', 'geo_enabled': False, 'verified': True, 'statuses_count': 29, 'lang': 'en', 'contributors_enabled': False, 'is_translator': False, 'is_translation_enabled': False, 'profile_background_color': 'F5F8FA', 'profile_background_image_url': None, 'profile_background_image_url_https': None, 'profile_background_tile': False, 'profile_image_url': 'http://pbs.twimg.com/profile_images/983357711558561792/ojPMbNlD_normal.jpg', 'profile_image_url_https': 'https://pbs.twimg.com/profile_images/983357711558561792/ojPMbNlD_normal.jpg', 'profile_banner_url': 'https://pbs.twimg.com/profile_banners/983348251972816896/1523286034', 'profile_link_color': '1DA1F2', 'profile_sidebar_border_color': 'C0DEED', 'profile_sidebar_fill_color': 'DDEEF6', 'profile_text_color': '333333', 'profile_use_background_image': True, 'has_extended_profile': False, 'default_profile': True, 'default_profile_image': False, 'following': False, 'follow_request_sent': False, 'notifications': False, 'translator_type': 'none'}",1,7,0.9750163867142737,6.825114706999916,[]
10,,,Thu Apr 19 19:29:44 +0000 2018,"{'hashtags': [], 'symbols': [], 'user_mentions': [], 'urls': [{'url': 'https://t.co/Jx91VS4Nwf', 'expanded_url': 'https://twitter.com/i/web/status/987050633541963777', 'display_url': 'twitter.com/i/web/status/9…', 'indices': [109, 132]}]}",,24,False,,987050633541963777,987050633541963777,,,,,,False,en,,False,,,,7,False,"<a href=""http://twitter.com"" rel=""nofollow"">Twitter Web Client</a>",Presiding over the U.S. Senate is an important responsibility and I’m pleased to be part of this tradition.… https://t.co/Jx91VS4Nwf,True,"{'id': 983348251972816896, 'id_str': '983348251972816896', 'name': 'U.S. Senator Cindy Hyde-Smith', 'screen_name': 'SenHydeSmith', 'location': 'Brookhaven', 'description': 'Office of U.S. Senator Cindy Hyde-Smith (R-Miss.).', 'url': None, 'entities': {'description': {'urls': []}}, 'protected': False, 'followers_count': 3000, 'friends_count': 502, 'listed_count': 10, 'created_at': 'Mon Apr 09 14:17:47 +0000 2018', 'favourites_count': 13, 'utc_offset': -14400, 'time_zone': 'Eastern Time (US & Canada)', 'geo_enabled': False, 'verified': True, 'statuses_count': 29, 'lang': 'en', 'contributors_enabled': False, 'is_translator': False, 'is_translation_enabled': False, 'profile_background_color': 'F5F8FA', 'profile_background_image_url': None, 'profile_background_image_url_https': None, 'profile_background_tile': False, 'profile_image_url': 'http://pbs.twimg.com/profile_images/983357711558561792/ojPMbNlD_normal.jpg', 'profile_image_url_https': 'https://pbs.twimg.com/profile_images/983357711558561792/ojPMbNlD_normal.jpg', 'profile_banner_url': 'https://pbs.twimg.com/profile_banners/983348251972816896/1523286034', 'profile_link_color': '1DA1F2', 'profile_sidebar_border_color': 'C0DEED', 'profile_sidebar_fill_color': 'DDEEF6', 'profile_text_color': '333333', 'profile_use_background_image': True, 'has_extended_profile': False, 'default_profile': True, 'default_profile_image': False, 'following': False, 'follow_request_sent': False, 'notifications': False, 'translator_type': 'none'}",0,0,0.46450221837095945,11.148053240903026,[]
11,,,Wed Apr 18 23:45:08 +0000 2018,"{'hashtags': [], 'symbols': [], 'user_mentions': [{'screen_name': 'fema', 'name': 'FEMA', 'id': 16669075, 'id_str': '16669075', 'indices': [17, 22]}], 'urls': [{'url': 'https://t.co/Wx6xfdtjQr', 'expanded_url': 'https://twitter.com/i/web/status/986752520906330113', 'display_url': 'twitter.com/i/web/status/9…', 'indices': [117, 140]}]}",,5,False,,986752520906330113,986752520906330113,,,,,,True,en,,False,"{'created_at': 'Wed Apr 18 22:15:40 +0000 2018', 'id': 986730004716417024, 'id_str': '986730004716417024', 'text': 'Today, @SenHydeSmith, @CongPalazzo, and I announced  a $1 million @fema grant to construct a safe room in Forrest C… https://t.co/RLk6b5UyAm', 'truncated': True, 'entities': {'hashtags': [], 'symbols': [], 'user_mentions': [{'screen_name': 'SenHydeSmith', 'name': 'U.S. Senator Cindy Hyde-Smith', 'id': 983348251972816896, 'id_str': '983348251972816896', 'indices': [7, 20]}, {'screen_name': 'CongPalazzo', 'name': 'Cong. Steven Palazzo', 'id': 299883942, 'id_str': '299883942', 'indices': [22, 34]}, {'screen_name': 'fema', 'name': 'FEMA', 'id': 16669075, 'id_str': '16669075', 'indices': [66, 71]}], 'urls': [{'url': 'https://t.co/RLk6b5UyAm', 'expanded_url': 'https://twitter.com/i/web/status/986730004716417024', 'display_url': 'twitter.com/i/web/status/9…', 'indices': [117, 140]}]}, 'source': '<a href=""https://about.twitter.com/products/tweetdeck"" rel=""nofollow"">TweetDeck</a>', 'in_reply_to_status_id': None, 'in_reply_to_status_id_str': None, 'in_reply_to_user_id': None, 'in_reply_to_user_id_str': None, 'in_reply_to_screen_name': None, 'user': {'id': 264219447, 'id_str': '264219447', 'name': 'Senator Roger Wicker', 'screen_name': 'SenatorWicker', 'location': 'Mississippi & Washington, DC', 'description': 'U.S. Senator for Mississippi. Please visit my website for updates.', 'url': 'https://t.co/iD8pcNybj9', 'entities': {'url': {'urls': [{'url': 'https://t.co/iD8pcNybj9', 'expanded_url': 'http://wicker.senate.gov', 'display_url': 'wicker.senate.gov', 'indices': [0, 23]}]}, 'description': {'urls': []}}, 'protected': False, 'followers_count': 61001, 'friends_count': 309, 'listed_count': 1585, 'created_at': 'Fri Mar 11 14:59:01 +0000 2011', 'favourites_count': 590, 'utc_offset': -14400, 'time_zone': 'Eastern Time (US & Canada)', 'geo_enabled': True, 'verified': True, 'statuses_count': 4057, 'lang': 'en', 'contributors_enabled': False, 'is_translator': False, 'is_translation_enabled': False, 'profile_background_color': '000000', 'profile_background_image_url': 'http://pbs.twimg.com/profile_background_images/344918034408689250/3fa9dbbeddc76d097210a3b6b7bd0b4e.jpeg', 'profile_background_image_url_https': 'https://pbs.twimg.com/profile_background_images/344918034408689250/3fa9dbbeddc76d097210a3b6b7bd0b4e.jpeg', 'profile_background_tile': False, 'profile_image_url': 'http://pbs.twimg.com/profile_images/694231794602872832/UdbuYlbe_normal.jpg', 'profile_image_url_https': 'https://pbs.twimg.com/profile_images/694231794602872832/UdbuYlbe_normal.jpg', 'profile_banner_url': 'https://pbs.twimg.com/profile_banners/264219447/1402419137', 'profile_link_color': '000000', 'profile_sidebar_border_color': 'FFFFFF', 'profile_sidebar_fill_color': '000000', 'profile_text_color': '000000', 'profile_use_background_image': True, 'has_extended_profile': False, 'default_profile': False, 'default_profile_image': False, 'following': False, 'follow_request_sent': False, 'notifications': False, 'translator_type': 'none'}, 'geo': None, 'coordinates': None, 'place': None, 'contributors': None, 'is_quote_status': False, 'retweet_count': 5, 'favorite_count': 10, 'favorited': False, 'retweeted': False, 'possibly_sensitive': False, 'lang': 'en'}",9.86730004716417e+17,986730004716417024,1,False,"<a href=""http://twitter.com"" rel=""nofollow"">Twitter Web Client</a>",I am grateful to @fema for supporting funding for this safe room in Forrest County and similar public safety projec… https://t.co/Wx6xfdtjQr,True,"{'id': 983348251972816896, 'id_str': '983348251972816896', 'name': 'U.S. Senator Cindy Hyde-Smith', 'screen_name': 'SenHydeSmith', 'location': 'Brookhaven', 'description': 'Office of U.S. Senator Cindy Hyde-Smith (R-Miss.).', 'url': None, 'entities': {'description': {'urls': []}}, 'protected': False, 'followers_count': 3000, 'friends_count': 502, 'listed_count': 10, 'created_at': 'Mon Apr 09 14:17:47 +0000 2018', 'favourites_count': 13, 'utc_offset': -14400, 'time_zone': 'Eastern Time (US & Canada)', 'geo_enabled': False, 'verified': True, 'statuses_count': 29, 'lang': 'en', 'contributors_enabled': False, 'is_translator': False, 'is_translation_enabled': False, 'profile_background_color': 'F5F8FA', 'profile_background_image_url': None, 'profile_background_image_url_https': None, 'profile_background_tile': False, 'profile_image_url': 'http://pbs.twimg.com/profile_images/983357711558561792/ojPMbNlD_normal.jpg', 'profile_image_url_https': 'https://pbs.twimg.com/profile_images/983357711558561792/ojPMbNlD_normal.jpg', 'profile_banner_url': 'https://pbs.twimg.com/profile_banners/983348251972816896/1523286034', 'profile_link_color': '1DA1F2', 'profile_sidebar_border_color': 'C0DEED', 'profile_sidebar_fill_color': 'DDEEF6', 'profile_text_color': '333333', 'profile_use_background_image': True, 'has_extended_profile': False, 'default_profile': True, 'default_profile_image': False, 'following': False, 'follow_request_sent': False, 'notifications': False, 'translator_type': 'none'}",1,5,0.5178704202218074,2.589352101109037,[]
12,,,Wed Apr 18 22:20:29 +0000 2018,"{'hashtags': [], 'symbols': [], 'user_mentions': [{'screen_name': 'SGottliebFDA', 'name': 'Scott Gottlieb, M.D.', 'id': 2904169317, 'id_str': '2904169317', 'indices': [25, 38]}], 'urls': [{'url': 'https://t.co/XWX3h2LU97', 'expanded_url': 'https://twitter.com/i/web/status/986731218254356480', 'display_url': 'twitter.com/i/web/status/9…', 'indices': [117, 140]}]}",,10,False,,986731218254356480,986731218254356480,,,,,,False,en,,False,,,,3,False,"<a href=""http://twitter.com"" rel=""nofollow"">Twitter Web Client</a>",Appreciated working with @SGottliebFDA while I was the Miss. Ag Commissioner and look forward to continuing to work… https://t.co/XWX3h2LU97,True,"{'id': 983348251972816896, 'id_str': '983348251972816896', 'name': 'U.S. Senator Cindy Hyde-Smith', 'screen_name': 'SenHydeSmith', 'location': 'Brookhaven', 'description': 'Office of U.S. Senator Cindy Hyde-Smith (R-Miss.).', 'url': None, 'entities': {'description': {'urls': []}}, 'protected': False, 'followers_count': 3000, 'friends_count': 502, 'listed_count': 10, 'created_at': 'Mon Apr 09 14:17:47 +0000 2018', 'favourites_count': 13, 'utc_offset': -14400, 'time_zone': 'Eastern Time (US & Canada)', 'geo_enabled': False, 'verified': True, 'statuses_count': 29, 'lang': 'en', 'contributors_enabled': False, 'is_translator': False, 'is_translation_enabled': False, 'profile_background_color': 'F5F8FA', 'profile_background_image_url': None, 'profile_background_image_url_https': None, 'profile_background_tile': False, 'profile_image_url': 'http://pbs.twimg.com/profile_images/983357711558561792/ojPMbNlD_normal.jpg', 'profile_image_url_https': 'https://pbs.twimg.com/profile_images/983357711558561792/ojPMbNlD_normal.jpg', 'profile_banner_url': 'https://pbs.twimg.com/profile_banners/983348251972816896/1523286034', 'profile_link_color': '1DA1F2', 'profile_sidebar_border_color': 'C0DEED', 'profile_sidebar_fill_color': 'DDEEF6', 'profile_text_color': '333333', 'profile_use_background_image': True, 'has_extended_profile': False, 'default_profile': True, 'default_profile_image': False, 'following': False, 'follow_request_sent': False, 'notifications': False, 'translator_type': 'none'}",0,0,0.2814567934778387,2.814567934778387,[]
13,,,Wed Apr 18 15:07:57 +0000 2018,"{'hashtags': [], 'symbols': [], 'user_mentions': [{'screen_name': 'VisitMSCoast', 'name': 'Visit MS Gulf Coast', 'id': 160586416, 'id_str': '160586416', 'indices': [95, 108]}], 'urls': [{'url': 'https://t.co/oRn2wNWbKf', 'expanded_url': 'https://twitter.com/i/web/status/986622365953126400', 'display_url': 'twitter.com/i/web/status/9…', 'indices': [110, 133]}]}",,6,False,,986622365953126400,986622365953126400,,,,,,False,en,,False,,,,1,False,"<a href=""http://twitter.com"" rel=""nofollow"">Twitter Web Client</a>",Appreciate Jackson County supervisors taking time to visit and share their priorities with me. @VisitMSCoast… https://t.co/oRn2wNWbKf,True,"{'id': 983348251972816896, 'id_str': '983348251972816896', 'name': 'U.S. Senator Cindy Hyde-Smith', 'screen_name': 'SenHydeSmith', 'location': 'Brookhaven', 'description': 'Office of U.S. Senator Cindy Hyde-Smith (R-Miss.).', 'url': None, 'entities': {'description': {'urls': []}}, 'protected': False, 'followers_count': 3000, 'friends_count': 502, 'listed_count': 10, 'created_at': 'Mon Apr 09 14:17:47 +0000 2018', 'favourites_count': 13, 'utc_offset': -14400, 'time_zone': 'Eastern Time (US & Canada)', 'geo_enabled': False, 'verified': True, 'statuses_count': 29, 'lang': 'en', 'contributors_enabled': False, 'is_translator': False, 'is_translation_enabled': False, 'profile_background_color': 'F5F8FA', 'profile_background_image_url': None, 'profile_background_image_url_https': None, 'profile_background_tile': False, 'profile_image_url': 'http://pbs.twimg.com/profile_images/983357711558561792/ojPMbNlD_normal.jpg', 'profile_image_url_https': 'https://pbs.twimg.com/profile_images/983357711558561792/ojPMbNlD_normal.jpg', 'profile_banner_url': 'https://pbs.twimg.com/profile_banners/983348251972816896/1523286034', 'profile_link_color': '1DA1F2', 'profile_sidebar_border_color': 'C0DEED', 'profile_sidebar_fill_color': 'DDEEF6', 'profile_text_color': '333333', 'profile_use_background_image': True, 'has_extended_profile': False, 'default_profile': True, 'default_profile_image': False, 'following': False, 'follow_request_sent': False, 'notifications': False, 'translator_type': 'none'}",0,0,0.45895965310165177,2.7537579186099106,[]
14,,,Wed Apr 18 12:26:10 +0000 2018,"{'hashtags': [{'text': 'BarbaraBush', 'indices': [11, 23]}], 'symbols': [], 'user_mentions': [], 'urls': [{'url': 'https://t.co/eisDa00CEB', 'expanded_url': 'https://twitter.com/i/web/status/986581651554742272', 'display_url': 'twitter.com/i/web/status/9…', 'indices': [117, 140]}]}",,10,False,,986581651554742272,986581651554742272,,,,,,False,en,,False,,,,2,False,"<a href=""http://twitter.com"" rel=""nofollow"">Twitter Web Client</a>",First Lady #BarbaraBush set a high standard for devotion to family and public service. My prayers and condolences g… https://t.co/eisDa00CEB,True,"{'id': 983348251972816896, 'id_str': '983348251972816896', 'name': 'U.S. Senator Cindy Hyde-Smith', 'screen_name': 'SenHydeSmith', 'location': 'Brookhaven', 'description': 'Office of U.S. Senator Cindy Hyde-Smith (R-Miss.).', 'url': None, 'entities': {'description': {'urls': []}}, 'protected': False, 'followers_count': 3000, 'friends_count': 502, 'listed_count': 10, 'created_at': 'Mon Apr 09 14:17:47 +0000 2018', 'favourites_count': 13, 'utc_offset': -14400, 'time_zone': 'Eastern Time (US & Canada)', 'geo_enabled': False, 'verified': True, 'statuses_count': 29, 'lang': 'en', 'contributors_enabled': False, 'is_translator': False, 'is_translation_enabled': False, 'profile_background_color': 'F5F8FA', 'profile_background_image_url': None, 'profile_background_image_url_https': None, 'profile_background_tile': False, 'profile_image_url': 'http://pbs.twimg.com/profile_images/983357711558561792/ojPMbNlD_normal.jpg', 'profile_image_url_https': 'https://pbs.twimg.com/profile_images/983357711558561792/ojPMbNlD_normal.jpg', 'profile_banner_url': 'https://pbs.twimg.com/profile_banners/983348251972816896/1523286034', 'profile_link_color': '1DA1F2', 'profile_sidebar_border_color': 'C0DEED', 'profile_sidebar_fill_color': 'DDEEF6', 'profile_text_color': '333333', 'profile_use_background_image': True, 'has_extended_profile': False, 'default_profile': True, 'default_profile_image': False, 'following': False, 'follow_request_sent': False, 'notifications': False, 'translator_type': 'none'}",1,10,0.8401348661850231,8.40134866185023,['BarbaraBush']
15,,,Tue Apr 17 21:26:35 +0000 2018,"{'hashtags': [], 'symbols': [], 'user_mentions': [{'screen_name': 'DeptVetAffairs', 'name': 'Veterans Affairs', 'id': 78408666, 'id_str': '78408666', 'indices': [71, 86]}], 'urls': [{'url': 'https://t.co/Q2XgIUHLov', 'expanded_url': 'https://twitter.com/i/web/status/986355265011355654', 'display_url': 'twitter.com/i/web/status/9…', 'indices': [117, 140]}]}",,9,False,,986355265011355654,986355265011355654,,,,,,False,en,,False,,,,3,False,"<a href=""http://twitter.com"" rel=""nofollow"">Twitter Web Client</a>","It was a pleasure to catch up with Mississippi's own Randy Reeves, the @DeptVetAffairs Under Secretary for Memorial… https://t.co/Q2XgIUHLov",True,"{'id': 983348251972816896, 'id_str': '983348251972816896', 'name': 'U.S. Senator Cindy Hyde-Smith', 'screen_name': 'SenHydeSmith', 'location': 'Brookhaven', 'description': 'Office of U.S. Senator Cindy Hyde-Smith (R-Miss.).', 'url': None, 'entities': {'description': {'urls': []}}, 'protected': False, 'followers_count': 3000, 'friends_count': 502, 'listed_count': 10, 'created_at': 'Mon Apr 09 14:17:47 +0000 2018', 'favourites_count': 13, 'utc_offset': -14400, 'time_zone': 'Eastern Time (US & Canada)', 'geo_enabled': False, 'verified': True, 'statuses_count': 29, 'lang': 'en', 'contributors_enabled': False, 'is_translator': False, 'is_translation_enabled': False, 'profile_background_color': 'F5F8FA', 'profile_background_image_url': None, 'profile_background_image_url_https': None, 'profile_background_tile': False, 'profile_image_url': 'http://pbs.twimg.com/profile_images/983357711558561792/ojPMbNlD_normal.jpg', 'profile_image_url_https': 'https://pbs.twimg.com/profile_images/983357711558561792/ojPMbNlD_normal.jpg', 'profile_banner_url': 'https://pbs.twimg.com/profile_banners/983348251972816896/1523286034', 'profile_link_color': '1DA1F2', 'profile_sidebar_border_color': 'C0DEED', 'profile_sidebar_fill_color': 'DDEEF6', 'profile_text_color': '333333', 'profile_use_background_image': True, 'has_extended_profile': False, 'default_profile': True, 'default_profile_image': False, 'following': False, 'follow_request_sent': False, 'notifications': False, 'translator_type': 'none'}",1,9,0.8270242929477968,7.443218636530171,[]
16,,,Tue Apr 17 21:14:27 +0000 2018,"{'hashtags': [], 'symbols': [], 'user_mentions': [{'screen_name': 'SenateAgGOP', 'name': 'Sen. Ag Republicans', 'id': 3006258669, 'id_str': '3006258669', 'indices': [0, 12]}, {'screen_name': 'SenPatRoberts', 'name': 'Pat Roberts', 'id': 75364211, 'id_str': '75364211', 'indices': [24, 38]}, {'screen_name': 'SenateAgGOP', 'name': 'Sen. Ag Republicans', 'id': 3006258669, 'id_str': '3006258669', 'indices': [43, 55]}], 'urls': [{'url': 'https://t.co/0QbsXCxel6', 'expanded_url': 'https://twitter.com/i/web/status/986352210685685762', 'display_url': 'twitter.com/i/web/status/9…', 'indices': [117, 140]}]}",,6,False,,986352210685685762,986352210685685762,SenateAgGOP,9.862994800174244e+17,986299480017424392,3006258669.0,3006258669,False,en,,,,,,1,False,"<a href=""http://twitter.com"" rel=""nofollow"">Twitter Web Client</a>","@SenateAgGOP Thank you, @SenPatRoberts and @SenateAgGOP.  I certainly look forward to working on this committee.  W… https://t.co/0QbsXCxel6",True,"{'id': 983348251972816896, 'id_str': '983348251972816896', 'name': 'U.S. Senator Cindy Hyde-Smith', 'screen_name': 'SenHydeSmith', 'location': 'Brookhaven', 'description': 'Office of U.S. Senator Cindy Hyde-Smith (R-Miss.).', 'url': None, 'entities': {'description': {'urls': []}}, 'protected': False, 'followers_count': 3000, 'friends_count': 502, 'listed_count': 10, 'created_at': 'Mon Apr 09 14:17:47 +0000 2018', 'favourites_count': 13, 'utc_offset': -14400, 'time_zone': 'Eastern Time (US & Canada)', 'geo_enabled': False, 'verified': True, 'statuses_count': 29, 'lang': 'en', 'contributors_enabled': False, 'is_translator': False, 'is_translation_enabled': False, 'profile_background_color': 'F5F8FA', 'profile_background_image_url': None, 'profile_background_image_url_https': None, 'profile_background_tile': False, 'profile_image_url': 'http://pbs.twimg.com/profile_images/983357711558561792/ojPMbNlD_normal.jpg', 'profile_image_url_https': 'https://pbs.twimg.com/profile_images/983357711558561792/ojPMbNlD_normal.jpg', 'profile_banner_url': 'https://pbs.twimg.com/profile_banners/983348251972816896/1523286034', 'profile_link_color': '1DA1F2', 'profile_sidebar_border_color': 'C0DEED', 'profile_sidebar_fill_color': 'DDEEF6', 'profile_text_color': '333333', 'profile_use_background_image': True, 'has_extended_profile': False, 'default_profile': True, 'default_profile_image': False, 'following': False, 'follow_request_sent': False, 'notifications': False, 'translator_type': 'none'}",1,6,0.9155524521398376,5.493314712839026,[]
17,,,Tue Apr 17 19:05:17 +0000 2018,"{'hashtags': [{'text': 'TaxCutsandJobsAct', 'indices': [4, 22]}], 'symbols': [], 'user_mentions': [], 'urls': [{'url': 'https://t.co/TGgFmk6oln', 'expanded_url': 'https://twitter.com/i/web/status/986319704372412422', 'display_url': 'twitter.com/i/web/status/9…', 'indices': [121, 144]}]}",,82,False,,986319704372412422,986319704372412422,,,,,,False,en,,False,,,,30,False,"<a href=""http://twitter.com"" rel=""nofollow"">Twitter Web Client</a>",The #TaxCutsandJobsAct is a strong start to help Mississippi families keep more of their hard-earned money &amp; to hel… https://t.co/TGgFmk6oln,True,"{'id': 983348251972816896, 'id_str': '983348251972816896', 'name': 'U.S. Senator Cindy Hyde-Smith', 'screen_name': 'SenHydeSmith', 'location': 'Brookhaven', 'description': 'Office of U.S. Senator Cindy Hyde-Smith (R-Miss.).', 'url': None, 'entities': {'description': {'urls': []}}, 'protected': False, 'followers_count': 3000, 'friends_count': 502, 'listed_count': 10, 'created_at': 'Mon Apr 09 14:17:47 +0000 2018', 'favourites_count': 13, 'utc_offset': -14400, 'time_zone': 'Eastern Time (US & Canada)', 'geo_enabled': False, 'verified': True, 'statuses_count': 29, 'lang': 'en', 'contributors_enabled': False, 'is_translator': False, 'is_translation_enabled': False, 'profile_background_color': 'F5F8FA', 'profile_background_image_url': None, 'profile_background_image_url_https': None, 'profile_background_tile': False, 'profile_image_url': 'http://pbs.twimg.com/profile_images/983357711558561792/ojPMbNlD_normal.jpg', 'profile_image_url_https': 'https://pbs.twimg.com/profile_images/983357711558561792/ojPMbNlD_normal.jpg', 'profile_banner_url': 'https://pbs.twimg.com/profile_banners/983348251972816896/1523286034', 'profile_link_color': '1DA1F2', 'profile_sidebar_border_color': 'C0DEED', 'profile_sidebar_fill_color': 'DDEEF6', 'profile_text_color': '333333', 'profile_use_background_image': True, 'has_extended_profile': False, 'default_profile': True, 'default_profile_image': False, 'following': False, 'follow_request_sent': False, 'notifications': False, 'translator_type': 'none'}",1,82,0.7825341252802496,64.16779827298046,['TaxCutsandJobsAct']
18,,,Mon Apr 16 21:24:02 +0000 2018,"{'hashtags': [], 'symbols': [], 'user_mentions': [{'screen_name': 'realDonaldTrump', 'name': 'Donald J. Trump', 'id': 25073877, 'id_str': '25073877', 'indices': [10, 26]}], 'urls': [{'url': 'https://t.co/nxtBZDSoRZ', 'expanded_url': 'https://twitter.com/i/web/status/985992234221760512', 'display_url': 'twitter.com/i/web/status/9…', 'indices': [121, 144]}]}",,9,False,,985992234221760512,985992234221760512,,,,,,False,en,,False,,,,8,False,"<a href=""http://twitter.com"" rel=""nofollow"">Twitter Web Client</a>",President @realDonaldTrump has named qualified executive &amp; judicial nominees to serve the American people. Senate D… https://t.co/nxtBZDSoRZ,True,"{'id': 983348251972816896, 'id_str': '983348251972816896', 'name': 'U.S. Senator Cindy Hyde-Smith', 'screen_name': 'SenHydeSmith', 'location': 'Brookhaven', 'description': 'Office of U.S. Senator Cindy Hyde-Smith (R-Miss.).', 'url': None, 'entities': {'description': {'urls': []}}, 'protected': False, 'followers_count': 3000, 'friends_count': 502, 'listed_count': 10, 'created_at': 'Mon Apr 09 14:17:47 +0000 2018', 'favourites_count': 13, 'utc_offset': -14400, 'time_zone': 'Eastern Time (US & Canada)', 'geo_enabled': False, 'verified': True, 'statuses_count': 29, 'lang': 'en', 'contributors_enabled': False, 'is_translator': False, 'is_translation_enabled': False, 'profile_background_color': 'F5F8FA', 'profile_background_image_url': None, 'profile_background_image_url_https': None, 'profile_background_tile': False, 'profile_image_url': 'http://pbs.twimg.com/profile_images/983357711558561792/ojPMbNlD_normal.jpg', 'profile_image_url_https': 'https://pbs.twimg.com/profile_images/983357711558561792/ojPMbNlD_normal.jpg', 'profile_banner_url': 'https://pbs.twimg.com/profile_banners/983348251972816896/1523286034', 'profile_link_color': '1DA1F2', 'profile_sidebar_border_color': 'C0DEED', 'profile_sidebar_fill_color': 'DDEEF6', 'profile_text_color': '333333', 'profile_use_background_image': True, 'has_extended_profile': False, 'default_profile': True, 'default_profile_image': False, 'following': False, 'follow_request_sent': False, 'notifications': False, 'translator_type': 'none'}",1,9,0.5358465247847553,4.8226187230627975,[]
19,,,Sat Apr 14 03:38:47 +0000 2018,"{'hashtags': [], 'symbols': [], 'user_mentions': [{'screen_name': 'realDonaldTrump', 'name': 'Donald J. Trump', 'id': 25073877, 'id_str': '25073877', 'indices': [1, 17]}], 'urls': [{'url': 'https://t.co/iMd4BGrZ2e', 'expanded_url': 'https://twitter.com/i/web/status/984999380729106432', 'display_url': 'twitter.com/i/web/status/9…', 'indices': [116, 139]}]}",,20,False,,984999380729106432,984999380729106432,,,,,,False,en,,,,,,7,False,"<a href=""http://twitter.com"" rel=""nofollow"">Twitter Web Client</a>",".@realDonaldTrump, with British and French allies, acted boldly against the atrocities of the Assad regime against… https://t.co/iMd4BGrZ2e",True,"{'id': 983348251972816896, 'id_str': '983348251972816896', 'name': 'U.S. Senator Cindy Hyde-Smith', 'screen_name': 'SenHydeSmith', 'location': 'Brookhaven', 'description': 'Office of U.S. Senator Cindy Hyde-Smith (R-Miss.).', 'url': None, 'entities': {'description': {'urls': []}}, 'protected': False, 'followers_count': 3000, 'friends_count': 502, 'listed_count': 10, 'created_at': 'Mon Apr 09 14:17:47 +0000 2018', 'favourites_count': 13, 'utc_offset': -14400, 'time_zone': 'Eastern Time (US & Canada)', 'geo_enabled': False, 'verified': True, 'statuses_count': 29, 'lang': 'en', 'contributors_enabled': False, 'is_translator': False, 'is_translation_enabled': False, 'profile_background_color': 'F5F8FA', 'profile_background_image_url': None, 'profile_background_image_url_https': None, 'profile_background_tile': False, 'profile_image_url': 'http://pbs.twimg.com/profile_images/983357711558561792/ojPMbNlD_normal.jpg', 'profile_image_url_https': 'https://pbs.twimg.com/profile_images/983357711558561792/ojPMbNlD_normal.jpg', 'profile_banner_url': 'https://pbs.twimg.com/profile_banners/983348251972816896/1523286034', 'profile_link_color': '1DA1F2', 'profile_sidebar_border_color': 'C0DEED', 'profile_sidebar_fill_color': 'DDEEF6', 'profile_text_color': '333333', 'profile_use_background_image': True, 'has_extended_profile': False, 'default_profile': True, 'default_profile_image': False, 'following': False, 'follow_request_sent': False, 'notifications': False, 'translator_type': 'none'}",1,20,0.5423211510274498,10.846423020548997,[]
20,,,Thu Apr 12 20:06:46 +0000 2018,"{'hashtags': [], 'symbols': [], 'user_mentions': [{'screen_name': 'MayorFlaggs', 'name': 'Mayor George Flaggs', 'id': 2925619942, 'id_str': '2925619942', 'indices': [47, 59]}, {'screen_name': 'CityofVicksburg', 'name': 'City of Vicksburg', 'id': 105627904, 'id_str': '105627904', 'indices': [66, 82]}], 'urls': [{'url': 'https://t.co/Xe2iby6jUB', 'expanded_url': 'https://twitter.com/i/web/status/984523239471894528', 'display_url': 'twitter.com/i/web/status/9…', 'indices': [117, 140]}]}",,37,False,,984523239471894528,984523239471894528,,,,,,False,en,,False,,,,8,False,"<a href=""http://twitter.com"" rel=""nofollow"">Twitter Web Client</a>",Had an informative and good meeting today with @MayorFlaggs about @CityofVicksburg water and wastewater infrastruct… https://t.co/Xe2iby6jUB,True,"{'id': 983348251972816896, 'id_str': '983348251972816896', 'name': 'U.S. Senator Cindy Hyde-Smith', 'screen_name': 'SenHydeSmith', 'location': 'Brookhaven', 'description': 'Office of U.S. Senator Cindy Hyde-Smith (R-Miss.).', 'url': None, 'entities': {'description': {'urls': []}}, 'protected': False, 'followers_count': 3000, 'friends_count': 502, 'listed_count': 10, 'created_at': 'Mon Apr 09 14:17:47 +0000 2018', 'favourites_count': 13, 'utc_offset': -14400, 'time_zone': 'Eastern Time (US & Canada)', 'geo_enabled': False, 'verified': True, 'statuses_count': 29, 'lang': 'en', 'contributors_enabled': False, 'is_translator': False, 'is_translation_enabled': False, 'profile_background_color': 'F5F8FA', 'profile_background_image_url': None, 'profile_background_image_url_https': None, 'profile_background_tile': False, 'profile_image_url': 'http://pbs.twimg.com/profile_images/983357711558561792/ojPMbNlD_normal.jpg', 'profile_image_url_https': 'https://pbs.twimg.com/profile_images/983357711558561792/ojPMbNlD_normal.jpg', 'profile_banner_url': 'https://pbs.twimg.com/profile_banners/983348251972816896/1523286034', 'profile_link_color': '1DA1F2', 'profile_sidebar_border_color': 'C0DEED', 'profile_sidebar_fill_color': 'DDEEF6', 'profile_text_color': '333333', 'profile_use_background_image': True, 'has_extended_profile': False, 'default_profile': True, 'default_profile_image': False, 'following': False, 'follow_request_sent': False, 'notifications': False, 'translator_type': 'none'}",1,37,0.9080000450915698,33.596001668388084,[]
21,,,Thu Apr 12 17:18:33 +0000 2018,"{'hashtags': [], 'symbols': [], 'user_mentions': [{'screen_name': 'JerryMoran', 'name': 'Senator Jerry Moran', 'id': 18632666, 'id_str': '18632666', 'indices': [95, 106]}], 'urls': [{'url': 'https://t.co/NkqzW8kqtF', 'expanded_url': 'https://twitter.com/i/web/status/984480906416140288', 'display_url': 'twitter.com/i/web/status/9…', 'indices': [117, 140]}]}",,18,False,,984480906416140288,984480906416140288,,,,,,False,en,,False,,,,2,False,"<a href=""http://twitter.com"" rel=""nofollow"">Twitter Web Client</a>","It has been great to begin to get to know some of my Senate colleagues, including U.S. Senator @JerryMoran of Kansa… https://t.co/NkqzW8kqtF",True,"{'id': 983348251972816896, 'id_str': '983348251972816896', 'name': 'U.S. Senator Cindy Hyde-Smith', 'screen_name': 'SenHydeSmith', 'location': 'Brookhaven', 'description': 'Office of U.S. Senator Cindy Hyde-Smith (R-Miss.).', 'url': None, 'entities': {'description': {'urls': []}}, 'protected': False, 'followers_count': 3000, 'friends_count': 502, 'listed_count': 10, 'created_at': 'Mon Apr 09 14:17:47 +0000 2018', 'favourites_count': 13, 'utc_offset': -14400, 'time_zone': 'Eastern Time (US & Canada)', 'geo_enabled': False, 'verified': True, 'statuses_count': 29, 'lang': 'en', 'contributors_enabled': False, 'is_translator': False, 'is_translation_enabled': False, 'profile_background_color': 'F5F8FA', 'profile_background_image_url': None, 'profile_background_image_url_https': None, 'profile_background_tile': False, 'profile_image_url': 'http://pbs.twimg.com/profile_images/983357711558561792/ojPMbNlD_normal.jpg', 'profile_image_url_https': 'https://pbs.twimg.com/profile_images/983357711558561792/ojPMbNlD_normal.jpg', 'profile_banner_url': 'https://pbs.twimg.com/profile_banners/983348251972816896/1523286034', 'profile_link_color': '1DA1F2', 'profile_sidebar_border_color': 'C0DEED', 'profile_sidebar_fill_color': 'DDEEF6', 'profile_text_color': '333333', 'profile_use_background_image': True, 'has_extended_profile': False, 'default_profile': True, 'default_profile_image': False, 'following': False, 'follow_request_sent': False, 'notifications': False, 'translator_type': 'none'}",1,18,0.6545373436463378,11.78167218563408,[]
22,,,Wed Apr 11 21:59:22 +0000 2018,"{'hashtags': [], 'symbols': [], 'user_mentions': [], 'urls': [], 'media': [{'id': 984189057742856197, 'id_str': '984189057742856197', 'indices': [93, 116], 'media_url': 'http://pbs.twimg.com/media/DaiKu8qW4AUEGEh.jpg', 'media_url_https': 'https://pbs.twimg.com/media/DaiKu8qW4AUEGEh.jpg', 'url': 'https://t.co/2QYOblqyVV', 'display_url': 'pic.twitter.com/2QYOblqyVV', 'expanded_url': 'https://twitter.com/SenHydeSmith/status/984189187728560128/photo/1', 'type': 'photo', 'sizes': {'thumb': {'w': 150, 'h': 150, 'resize': 'crop'}, 'large': {'w': 1536, 'h': 2048, 'resize': 'fit'}, 'medium': {'w': 900, 'h': 1200, 'resize': 'fit'}, 'small': {'w': 510, 'h': 680, 'resize': 'fit'}}}]}","{'media': [{'id': 984189057742856197, 'id_str': '984189057742856197', 'indices': [93, 116], 'media_url': 'http://pbs.twimg.com/media/DaiKu8qW4AUEGEh.jpg', 'media_url_https': 'https://pbs.twimg.com/media/DaiKu8qW4AUEGEh.jpg', 'url': 'https://t.co/2QYOblqyVV', 'display_url': 'pic.twitter.com/2QYOblqyVV', 'expanded_url': 'https://twitter.com/SenHydeSmith/status/984189187728560128/photo/1', 'type': 'photo', 'sizes': {'thumb': {'w': 150, 'h': 150, 'resize': 'crop'}, 'large': {'w': 1536, 'h': 2048, 'resize': 'fit'}, 'medium': {'w': 900, 'h': 1200, 'resize': 'fit'}, 'small': {'w': 510, 'h': 680, 'resize': 'fit'}}}]}",31,False,,984189187728560128,984189187728560128,,,,,,False,en,,False,,,,3,False,"<a href=""http://twitter.com"" rel=""nofollow"">Twitter Web Client</a>",Appreciate former Majority Leader Trent Lott stopping by today to check in and wish me well. https://t.co/2QYOblqyVV,False,"{'id': 983348251972816896, 'id_str': '983348251972816896', 'name': 'U.S. Senator Cindy Hyde-Smith', 'screen_name': 'SenHydeSmith', 'location': 'Brookhaven', 'description': 'Office of U.S. Senator Cindy Hyde-Smith (R-Miss.).', 'url': None, 'entities': {'description': {'urls': []}}, 'protected': False, 'followers_count': 3000, 'friends_count': 502, 'listed_count': 10, 'created_at': 'Mon Apr 09 14:17:47 +0000 2018', 'favourites_count': 13, 'utc_offset': -14400, 'time_zone': 'Eastern Time (US & Canada)', 'geo_enabled': False, 'verified': True, 'statuses_count': 29, 'lang': 'en', 'contributors_enabled': False, 'is_translator': False, 'is_translation_enabled': False, 'profile_background_color': 'F5F8FA', 'profile_background_image_url': None, 'profile_background_image_url_https': None, 'profile_background_tile': False, 'profile_image_url': 'http://pbs.twimg.com/profile_images/983357711558561792/ojPMbNlD_normal.jpg', 'profile_image_url_https': 'https://pbs.twimg.com/profile_images/983357711558561792/ojPMbNlD_normal.jpg', 'profile_banner_url': 'https://pbs.twimg.com/profile_banners/983348251972816896/1523286034', 'profile_link_color': '1DA1F2', 'profile_sidebar_border_color': 'C0DEED', 'profile_sidebar_fill_color': 'DDEEF6', 'profile_text_color': '333333', 'profile_use_background_image': True, 'has_extended_profile': False, 'default_profile': True, 'default_profile_image': False, 'following': False, 'follow_request_sent': False, 'notifications': False, 'translator_type': 'none'}",1,31,0.5819922027247988,18.041758284468763,[]
23,,,Wed Apr 11 20:11:15 +0000 2018,"{'hashtags': [], 'symbols': [], 'user_mentions': [], 'urls': [{'url': 'https://t.co/LGk2rTTFlq', 'expanded_url': 'https://twitter.com/i/web/status/984161977772728326', 'display_url': 'twitter.com/i/web/status/9…', 'indices': [117, 140]}]}",,21,False,,984161977772728326,984161977772728326,,,,,,False,en,,False,,,,5,False,"<a href=""http://twitter.com"" rel=""nofollow"">Twitter Web Client</a>",Started my third day in office with friends from the Mississippi Cattlemen's Association. They're representing Miss… https://t.co/LGk2rTTFlq,True,"{'id': 983348251972816896, 'id_str': '983348251972816896', 'name': 'U.S. Senator Cindy Hyde-Smith', 'screen_name': 'SenHydeSmith', 'location': 'Brookhaven', 'description': 'Office of U.S. Senator Cindy Hyde-Smith (R-Miss.).', 'url': None, 'entities': {'description': {'urls': []}}, 'protected': False, 'followers_count': 3000, 'friends_count': 502, 'listed_count': 10, 'created_at': 'Mon Apr 09 14:17:47 +0000 2018', 'favourites_count': 13, 'utc_offset': -14400, 'time_zone': 'Eastern Time (US & Canada)', 'geo_enabled': False, 'verified': True, 'statuses_count': 29, 'lang': 'en', 'contributors_enabled': False, 'is_translator': False, 'is_translation_enabled': False, 'profile_background_color': 'F5F8FA', 'profile_background_image_url': None, 'profile_background_image_url_https': None, 'profile_background_tile': False, 'profile_image_url': 'http://pbs.twimg.com/profile_images/983357711558561792/ojPMbNlD_normal.jpg', 'profile_image_url_https': 'https://pbs.twimg.com/profile_images/983357711558561792/ojPMbNlD_normal.jpg', 'profile_banner_url': 'https://pbs.twimg.com/profile_banners/983348251972816896/1523286034', 'profile_link_color': '1DA1F2', 'profile_sidebar_border_color': 'C0DEED', 'profile_sidebar_fill_color': 'DDEEF6', 'profile_text_color': '333333', 'profile_use_background_image': True, 'has_extended_profile': False, 'default_profile': True, 'default_profile_image': False, 'following': False, 'follow_request_sent': False, 'notifications': False, 'translator_type': 'none'}",0,0,0.3022582703340459,6.347423677014964,[]
24,,,Wed Apr 11 18:06:19 +0000 2018,"{'hashtags': [], 'symbols': [], 'user_mentions': [{'screen_name': 'MSDeptofRehab', 'name': 'MS Department of Rehabilitation Services', 'id': 2253967994, 'id_str': '2253967994', 'indices': [22, 36]}], 'urls': [{'url': 'https://t.co/yh1hdKrhYQ', 'expanded_url': 'https://twitter.com/i/web/status/984130539400650753', 'display_url': 'twitter.com/i/web/status/9…', 'indices': [117, 140]}]}",,21,False,,984130539400650753,984130539400650753,,,,,,False,en,,False,,,,3,False,"<a href=""http://twitter.com"" rel=""nofollow"">Twitter Web Client</a>",Enjoyed visiting with @MSDeptofRehab Exec. Dir. Chris Howard and staff about the services they provide to individua… https://t.co/yh1hdKrhYQ,True,"{'id': 983348251972816896, 'id_str': '983348251972816896', 'name': 'U.S. Senator Cindy Hyde-Smith', 'screen_name': 'SenHydeSmith', 'location': 'Brookhaven', 'description': 'Office of U.S. Senator Cindy Hyde-Smith (R-Miss.).', 'url': None, 'entities': {'description': {'urls': []}}, 'protected': False, 'followers_count': 3000, 'friends_count': 502, 'listed_count': 10, 'created_at': 'Mon Apr 09 14:17:47 +0000 2018', 'favourites_count': 13, 'utc_offset': -14400, 'time_zone': 'Eastern Time (US & Canada)', 'geo_enabled': False, 'verified': True, 'statuses_count': 29, 'lang': 'en', 'contributors_enabled': False, 'is_translator': False, 'is_translation_enabled': False, 'profile_background_color': 'F5F8FA', 'profile_background_image_url': None, 'profile_background_image_url_https': None, 'profile_background_tile': False, 'profile_image_url': 'http://pbs.twimg.com/profile_images/983357711558561792/ojPMbNlD_normal.jpg', 'profile_image_url_https': 'https://pbs.twimg.com/profile_images/983357711558561792/ojPMbNlD_normal.jpg', 'profile_banner_url': 'https://pbs.twimg.com/profile_banners/983348251972816896/1523286034', 'profile_link_color': '1DA1F2', 'profile_sidebar_border_color': 'C0DEED', 'profile_sidebar_fill_color': 'DDEEF6', 'profile_text_color': '333333', 'profile_use_background_image': True, 'has_extended_profile': False, 'default_profile': True, 'default_profile_image': False, 'following': False, 'follow_request_sent': False, 'notifications': False, 'translator_type': 'none'}",1,21,0.8604124476571348,18.06866140079983,[]
25,,,Wed Apr 11 17:20:11 +0000 2018,"{'hashtags': [], 'symbols': [], 'user_mentions': [{'screen_name': 'VP', 'name': 'Vice President Mike Pence', 'id': 818910970567344128, 'id_str': '818910970567344128', 'indices': [9, 12]}], 'urls': [{'url': 'https://t.co/6NHzrxuXsO', 'expanded_url': 'http://youtu.be/2kdIugqM5gw?a', 'display_url': 'youtu.be/2kdIugqM5gw?a', 'indices': [73, 96]}]}",,12,False,,984118928921116672,984118928921116672,,,,,,False,en,,False,,,,2,False,"<a href=""http://www.google.com/"" rel=""nofollow"">Google</a>",Video of @VP Pence administering the oath of office on Monday afternoon. https://t.co/6NHzrxuXsO,False,"{'id': 983348251972816896, 'id_str': '983348251972816896', 'name': 'U.S. Senator Cindy Hyde-Smith', 'screen_name': 'SenHydeSmith', 'location': 'Brookhaven', 'description': 'Office of U.S. Senator Cindy Hyde-Smith (R-Miss.).', 'url': None, 'entities': {'description': {'urls': []}}, 'protected': False, 'followers_count': 3000, 'friends_count': 502, 'listed_count': 10, 'created_at': 'Mon Apr 09 14:17:47 +0000 2018', 'favourites_count': 13, 'utc_offset': -14400, 'time_zone': 'Eastern Time (US & Canada)', 'geo_enabled': False, 'verified': True, 'statuses_count': 29, 'lang': 'en', 'contributors_enabled': False, 'is_translator': False, 'is_translation_enabled': False, 'profile_background_color': 'F5F8FA', 'profile_background_image_url': None, 'profile_background_image_url_https': None, 'profile_background_tile': False, 'profile_image_url': 'http://pbs.twimg.com/profile_images/983357711558561792/ojPMbNlD_normal.jpg', 'profile_image_url_https': 'https://pbs.twimg.com/profile_images/983357711558561792/ojPMbNlD_normal.jpg', 'profile_banner_url': 'https://pbs.twimg.com/profile_banners/983348251972816896/1523286034', 'profile_link_color': '1DA1F2', 'profile_sidebar_border_color': 'C0DEED', 'profile_sidebar_fill_color': 'DDEEF6', 'profile_text_color': '333333', 'profile_use_background_image': True, 'has_extended_profile': False, 'default_profile': True, 'default_profile_image': False, 'following': False, 'follow_request_sent': False, 'notifications': False, 'translator_type': 'none'}",1,12,0.6393805857889503,7.6725670294674035,[]
26,,,Tue Apr 10 22:38:07 +0000 2018,"{'hashtags': [], 'symbols': [], 'user_mentions': [], 'urls': [{'url': 'https://t.co/yABSSktmvp', 'expanded_url': 'https://twitter.com/i/web/status/983836552517378049', 'display_url': 'twitter.com/i/web/status/9…', 'indices': [116, 139]}]}",,21,False,,983836552517378049,983836552517378049,,,,,,False,en,,False,,,,7,False,"<a href=""http://twitter.com"" rel=""nofollow"">Twitter Web Client</a>",Pleased to have five subcommittee assignments on the Senate Appropriations Committee. Look forward to working with… https://t.co/yABSSktmvp,True,"{'id': 983348251972816896, 'id_str': '983348251972816896', 'name': 'U.S. Senator Cindy Hyde-Smith', 'screen_name': 'SenHydeSmith', 'location': 'Brookhaven', 'description': 'Office of U.S. Senator Cindy Hyde-Smith (R-Miss.).', 'url': None, 'entities': {'description': {'urls': []}}, 'protected': False, 'followers_count': 3000, 'friends_count': 502, 'listed_count': 10, 'created_at': 'Mon Apr 09 14:17:47 +0000 2018', 'favourites_count': 13, 'utc_offset': -14400, 'time_zone': 'Eastern Time (US & Canada)', 'geo_enabled': False, 'verified': True, 'statuses_count': 29, 'lang': 'en', 'contributors_enabled': False, 'is_translator': False, 'is_translation_enabled': False, 'profile_background_color': 'F5F8FA', 'profile_background_image_url': None, 'profile_background_image_url_https': None, 'profile_background_tile': False, 'profile_image_url': 'http://pbs.twimg.com/profile_images/983357711558561792/ojPMbNlD_normal.jpg', 'profile_image_url_https': 'https://pbs.twimg.com/profile_images/983357711558561792/ojPMbNlD_normal.jpg', 'profile_banner_url': 'https://pbs.twimg.com/profile_banners/983348251972816896/1523286034', 'profile_link_color': '1DA1F2', 'profile_sidebar_border_color': 'C0DEED', 'profile_sidebar_fill_color': 'DDEEF6', 'profile_text_color': '333333', 'profile_use_background_image': True, 'has_extended_profile': False, 'default_profile': True, 'default_profile_image': False, 'following': False, 'follow_request_sent': False, 'notifications': False, 'translator_type': 'none'}",1,21,0.717852075177243,15.074893578722104,[]
27,,,Tue Apr 10 19:35:28 +0000 2018,"{'hashtags': [], 'symbols': [], 'user_mentions': [{'screen_name': 'realDonaldTrump', 'name': 'Donald J. Trump', 'id': 25073877, 'id_str': '25073877', 'indices': [43, 59]}, {'screen_name': 'VP', 'name': 'Vice President Mike Pence', 'id': 818910970567344128, 'id_str': '818910970567344128', 'indices': [64, 67]}], 'urls': [{'url': 'https://t.co/p9zRMcug4T', 'expanded_url': 'https://twitter.com/i/web/status/983790587580215296', 'display_url': 'twitter.com/i/web/status/9…', 'indices': [117, 140]}]}",,31,False,,983790587580215296,983790587580215296,,,,,,False,en,,,,,,7,False,"<a href=""http://twitter.com"" rel=""nofollow"">Twitter Web Client</a>",Grateful for the opportunity to visit with @realDonaldTrump and @VP Pence today. They were gracious in welcoming me… https://t.co/p9zRMcug4T,True,"{'id': 983348251972816896, 'id_str': '983348251972816896', 'name': 'U.S. Senator Cindy Hyde-Smith', 'screen_name': 'SenHydeSmith', 'location': 'Brookhaven', 'description': 'Office of U.S. Senator Cindy Hyde-Smith (R-Miss.).', 'url': None, 'entities': {'description': {'urls': []}}, 'protected': False, 'followers_count': 3000, 'friends_count': 502, 'listed_count': 10, 'created_at': 'Mon Apr 09 14:17:47 +0000 2018', 'favourites_count': 13, 'utc_offset': -14400, 'time_zone': 'Eastern Time (US & Canada)', 'geo_enabled': False, 'verified': True, 'statuses_count': 29, 'lang': 'en', 'contributors_enabled': False, 'is_translator': False, 'is_translation_enabled': False, 'profile_background_color': 'F5F8FA', 'profile_background_image_url': None, 'profile_background_image_url_https': None, 'profile_background_tile': False, 'profile_image_url': 'http://pbs.twimg.com/profile_images/983357711558561792/ojPMbNlD_normal.jpg', 'profile_image_url_https': 'https://pbs.twimg.com/profile_images/983357711558561792/ojPMbNlD_normal.jpg', 'profile_banner_url': 'https://pbs.twimg.com/profile_banners/983348251972816896/1523286034', 'profile_link_color': '1DA1F2', 'profile_sidebar_border_color': 'C0DEED', 'profile_sidebar_fill_color': 'DDEEF6', 'profile_text_color': '333333', 'profile_use_background_image': True, 'has_extended_profile': False, 'default_profile': True, 'default_profile_image': False, 'following': False, 'follow_request_sent': False, 'notifications': False, 'translator_type': 'none'}",1,31,0.6582174003138742,20.4047394097301,[]
28,,,Mon Apr 09 22:09:42 +0000 2018,"{'hashtags': [], 'symbols': [], 'user_mentions': [], 'urls': [{'url': 'https://t.co/bbLZc5rxj0', 'expanded_url': 'https://twitter.com/i/web/status/983467013040492544', 'display_url': 'twitter.com/i/web/status/9…', 'indices': [117, 140]}]}",,330,False,,983467013040492544,983467013040492544,,,,,,False,en,,False,,,,61,False,"<a href=""http://twitter.com"" rel=""nofollow"">Twitter Web Client</a>","It is a great honor to serve Mississippi as its first female U.S. Senator.  I am ready to hit the ground running, a… https://t.co/bbLZc5rxj0",True,"{'id': 983348251972816896, 'id_str': '983348251972816896', 'name': 'U.S. Senator Cindy Hyde-Smith', 'screen_name': 'SenHydeSmith', 'location': 'Brookhaven', 'description': 'Office of U.S. Senator Cindy Hyde-Smith (R-Miss.).', 'url': None, 'entities': {'description': {'urls': []}}, 'protected': False, 'followers_count': 3000, 'friends_count': 502, 'listed_count': 10, 'created_at': 'Mon Apr 09 14:17:47 +0000 2018', 'favourites_count': 13, 'utc_offset': -14400, 'time_zone': 'Eastern Time (US & Canada)', 'geo_enabled': False, 'verified': True, 'statuses_count': 29, 'lang': 'en', 'contributors_enabled': False, 'is_translator': False, 'is_translation_enabled': False, 'profile_background_color': 'F5F8FA', 'profile_background_image_url': None, 'profile_background_image_url_https': None, 'profile_background_tile': False, 'profile_image_url': 'http://pbs.twimg.com/profile_images/983357711558561792/ojPMbNlD_normal.jpg', 'profile_image_url_https': 'https://pbs.twimg.com/profile_images/983357711558561792/ojPMbNlD_normal.jpg', 'profile_banner_url': 'https://pbs.twimg.com/profile_banners/983348251972816896/1523286034', 'profile_link_color': '1DA1F2', 'profile_sidebar_border_color': 'C0DEED', 'profile_sidebar_fill_color': 'DDEEF6', 'profile_text_color': '333333', 'profile_use_background_image': True, 'has_extended_profile': False, 'default_profile': True, 'default_profile_image': False, 'following': False, 'follow_request_sent': False, 'notifications': False, 'translator_type': 'none'}",1,330,0.7634936942309625,251.9529190962176,[]
