,contributors,coordinates,created_at,entities,favorite_count,favorited,geo,id,id_str,in_reply_to_screen_name,in_reply_to_status_id,in_reply_to_status_id_str,in_reply_to_user_id,in_reply_to_user_id_str,is_quote_status,lang,place,possibly_sensitive,quoted_status,quoted_status_id,quoted_status_id_str,retweet_count,retweeted,retweeted_status,source,text,truncated,user,preds,w_preds,pos_proba,w_pos_proba,hashtags
0,,,Sat Apr 28 00:01:50 +0000 2018,"{'hashtags': [{'text': 'Veterans', 'indices': [59, 68]}], 'symbols': [], 'user_mentions': [], 'urls': [{'url': 'https://t.co/P6iVedkgjc', 'expanded_url': 'https://twitter.com/i/web/status/990018213357457408', 'display_url': 'twitter.com/i/web/status/9‚Ä¶', 'indices': [117, 140]}]}",78,False,,990018213357457408,990018213357457408,,,,,,False,en,,False,,,,7,False,,"<a href=""http://twitter.com"" rel=""nofollow"">Twitter Web Client</a>",Participated in my first two committee hearings this week. #Veterans hearing on Wed. examining VA life insurance pr‚Ä¶ https://t.co/P6iVedkgjc,True,"{'id': 984456621417000960, 'id_str': '984456621417000960', 'name': 'Conor Lamb', 'screen_name': 'RepConorLamb', 'location': 'Mount Lebanon, PA', 'description': 'U.S. Representative for #PA18, including parts of Allegheny, Westmoreland, Washington & Greene Counties in southwestern PA.', 'url': 'https://t.co/IV72iCUpal', 'entities': {'url': {'urls': [{'url': 'https://t.co/IV72iCUpal', 'expanded_url': 'http://lamb.house.gov', 'display_url': 'lamb.house.gov', 'indices': [0, 23]}]}, 'description': {'urls': []}}, 'protected': False, 'followers_count': 4289, 'friends_count': 0, 'listed_count': 6, 'created_at': 'Thu Apr 12 15:42:03 +0000 2018', 'favourites_count': 0, 'utc_offset': -25200, 'time_zone': 'Pacific Time (US & Canada)', 'geo_enabled': False, 'verified': True, 'statuses_count': 15, 'lang': 'en', 'contributors_enabled': False, 'is_translator': False, 'is_translation_enabled': False, 'profile_background_color': 'F5F8FA', 'profile_background_image_url': None, 'profile_background_image_url_https': None, 'profile_background_tile': False, 'profile_image_url': 'http://pbs.twimg.com/profile_images/984511126653231104/hEb3JBzy_normal.jpg', 'profile_image_url_https': 'https://pbs.twimg.com/profile_images/984511126653231104/hEb3JBzy_normal.jpg', 'profile_banner_url': 'https://pbs.twimg.com/profile_banners/984456621417000960/1523635857', 'profile_link_color': '1DA1F2', 'profile_sidebar_border_color': 'C0DEED', 'profile_sidebar_fill_color': 'DDEEF6', 'profile_text_color': '333333', 'profile_use_background_image': True, 'has_extended_profile': True, 'default_profile': True, 'default_profile_image': False, 'following': False, 'follow_request_sent': False, 'notifications': False, 'translator_type': 'none'}",0,0,0.37568923495701206,29.30376032664694,['Veterans']
1,,,Thu Apr 26 22:49:48 +0000 2018,"{'hashtags': [], 'symbols': [], 'user_mentions': [], 'urls': [{'url': 'https://t.co/8NhcoLmuwi', 'expanded_url': 'https://twitter.com/AANP_NEWS/status/989621365090250754', 'display_url': 'twitter.com/AANP_NEWS/stat‚Ä¶', 'indices': [80, 103]}]}",27,False,,989637696682381313,989637696682381313,,,,,,True,en,,False,"{'created_at': 'Thu Apr 26 21:44:54 +0000 2018', 'id': 989621365090250754, 'id_str': '989621365090250754', 'text': 'Exciting day on Capitol Hill as AANP Prez Dr. Joyce Knestrick met w/ her Representative, @RepConorLamb &amp; discussed‚Ä¶ https://t.co/fXJE2FBNt3', 'truncated': True, 'entities': {'hashtags': [], 'symbols': [], 'user_mentions': [{'screen_name': 'RepConorLamb', 'name': 'Conor Lamb', 'id': 984456621417000960, 'id_str': '984456621417000960', 'indices': [89, 102]}], 'urls': [{'url': 'https://t.co/fXJE2FBNt3', 'expanded_url': 'https://twitter.com/i/web/status/989621365090250754', 'display_url': 'twitter.com/i/web/status/9‚Ä¶', 'indices': [120, 143]}]}, 'source': '<a href=""http://twitter.com"" rel=""nofollow"">Twitter Web Client</a>', 'in_reply_to_status_id': None, 'in_reply_to_status_id_str': None, 'in_reply_to_user_id': None, 'in_reply_to_user_id_str': None, 'in_reply_to_screen_name': None, 'user': {'id': 91137301, 'id_str': '91137301', 'name': 'AANP', 'screen_name': 'AANP_NEWS', 'location': 'Austin,TX', 'description': 'The American Association of Nurse Practitioners is The Voice of the Nurse Practitioner¬Æ & the largest national professional membership organization for all NPs.', 'url': 'https://t.co/Z9Dd3AN7Za', 'entities': {'url': {'urls': [{'url': 'https://t.co/Z9Dd3AN7Za', 'expanded_url': 'http://aanp.org', 'display_url': 'aanp.org', 'indices': [0, 23]}]}, 'description': {'urls': []}}, 'protected': False, 'followers_count': 18454, 'friends_count': 6085, 'listed_count': 343, 'created_at': 'Thu Nov 19 16:29:16 +0000 2009', 'favourites_count': 8869, 'utc_offset': -18000, 'time_zone': 'Central Time (US & Canada)', 'geo_enabled': False, 'verified': False, 'statuses_count': 24969, 'lang': 'en', 'contributors_enabled': False, 'is_translator': False, 'is_translation_enabled': False, 'profile_background_color': 'FFFFFF', 'profile_background_image_url': 'http://pbs.twimg.com/profile_background_images/752713395/2a5e0b2c83aa890efc8fc47c60c6e32b.png', 'profile_background_image_url_https': 'https://pbs.twimg.com/profile_background_images/752713395/2a5e0b2c83aa890efc8fc47c60c6e32b.png', 'profile_background_tile': True, 'profile_image_url': 'http://pbs.twimg.com/profile_images/975782912145551360/9RqwprS-_normal.jpg', 'profile_image_url_https': 'https://pbs.twimg.com/profile_images/975782912145551360/9RqwprS-_normal.jpg', 'profile_banner_url': 'https://pbs.twimg.com/profile_banners/91137301/1518201820', 'profile_link_color': '005595', 'profile_sidebar_border_color': '000000', 'profile_sidebar_fill_color': 'DDFFCC', 'profile_text_color': '333333', 'profile_use_background_image': True, 'has_extended_profile': False, 'default_profile': False, 'default_profile_image': False, 'following': False, 'follow_request_sent': False, 'notifications': False, 'translator_type': 'none'}, 'geo': None, 'coordinates': None, 'place': None, 'contributors': None, 'is_quote_status': False, 'retweet_count': 9, 'favorite_count': 30, 'favorited': False, 'retweeted': False, 'possibly_sensitive': False, 'lang': 'en'}",9.896213650902508e+17,989621365090250754,4,False,,"<a href=""http://twitter.com"" rel=""nofollow"">Twitter Web Client</a>",Thank you for coming! Great to meet you &amp; look forward to working together. https://t.co/8NhcoLmuwi,False,"{'id': 984456621417000960, 'id_str': '984456621417000960', 'name': 'Conor Lamb', 'screen_name': 'RepConorLamb', 'location': 'Mount Lebanon, PA', 'description': 'U.S. Representative for #PA18, including parts of Allegheny, Westmoreland, Washington & Greene Counties in southwestern PA.', 'url': 'https://t.co/IV72iCUpal', 'entities': {'url': {'urls': [{'url': 'https://t.co/IV72iCUpal', 'expanded_url': 'http://lamb.house.gov', 'display_url': 'lamb.house.gov', 'indices': [0, 23]}]}, 'description': {'urls': []}}, 'protected': False, 'followers_count': 4289, 'friends_count': 0, 'listed_count': 6, 'created_at': 'Thu Apr 12 15:42:03 +0000 2018', 'favourites_count': 0, 'utc_offset': -25200, 'time_zone': 'Pacific Time (US & Canada)', 'geo_enabled': False, 'verified': True, 'statuses_count': 15, 'lang': 'en', 'contributors_enabled': False, 'is_translator': False, 'is_translation_enabled': False, 'profile_background_color': 'F5F8FA', 'profile_background_image_url': None, 'profile_background_image_url_https': None, 'profile_background_tile': False, 'profile_image_url': 'http://pbs.twimg.com/profile_images/984511126653231104/hEb3JBzy_normal.jpg', 'profile_image_url_https': 'https://pbs.twimg.com/profile_images/984511126653231104/hEb3JBzy_normal.jpg', 'profile_banner_url': 'https://pbs.twimg.com/profile_banners/984456621417000960/1523635857', 'profile_link_color': '1DA1F2', 'profile_sidebar_border_color': 'C0DEED', 'profile_sidebar_fill_color': 'DDEEF6', 'profile_text_color': '333333', 'profile_use_background_image': True, 'has_extended_profile': True, 'default_profile': True, 'default_profile_image': False, 'following': False, 'follow_request_sent': False, 'notifications': False, 'translator_type': 'none'}",1,27,0.9364562184533368,25.284317898240094,[]
2,,,Thu Apr 26 22:47:28 +0000 2018,"{'hashtags': [], 'symbols': [], 'user_mentions': [], 'urls': [{'url': 'https://t.co/OVexZEtEgR', 'expanded_url': 'https://twitter.com/i/web/status/989637109689540608', 'display_url': 'twitter.com/i/web/status/9‚Ä¶', 'indices': [121, 144]}]}",108,False,,989637109689540608,989637109689540608,,,,,,False,en,,,,,,19,False,,"<a href=""http://twitter.com"" rel=""nofollow"">Twitter Web Client</a>",Proud to stand up for hardworking Americans today &amp; join members from both parties to defeat an amendment that woul‚Ä¶ https://t.co/OVexZEtEgR,True,"{'id': 984456621417000960, 'id_str': '984456621417000960', 'name': 'Conor Lamb', 'screen_name': 'RepConorLamb', 'location': 'Mount Lebanon, PA', 'description': 'U.S. Representative for #PA18, including parts of Allegheny, Westmoreland, Washington & Greene Counties in southwestern PA.', 'url': 'https://t.co/IV72iCUpal', 'entities': {'url': {'urls': [{'url': 'https://t.co/IV72iCUpal', 'expanded_url': 'http://lamb.house.gov', 'display_url': 'lamb.house.gov', 'indices': [0, 23]}]}, 'description': {'urls': []}}, 'protected': False, 'followers_count': 4289, 'friends_count': 0, 'listed_count': 6, 'created_at': 'Thu Apr 12 15:42:03 +0000 2018', 'favourites_count': 0, 'utc_offset': -25200, 'time_zone': 'Pacific Time (US & Canada)', 'geo_enabled': False, 'verified': True, 'statuses_count': 15, 'lang': 'en', 'contributors_enabled': False, 'is_translator': False, 'is_translation_enabled': False, 'profile_background_color': 'F5F8FA', 'profile_background_image_url': None, 'profile_background_image_url_https': None, 'profile_background_tile': False, 'profile_image_url': 'http://pbs.twimg.com/profile_images/984511126653231104/hEb3JBzy_normal.jpg', 'profile_image_url_https': 'https://pbs.twimg.com/profile_images/984511126653231104/hEb3JBzy_normal.jpg', 'profile_banner_url': 'https://pbs.twimg.com/profile_banners/984456621417000960/1523635857', 'profile_link_color': '1DA1F2', 'profile_sidebar_border_color': 'C0DEED', 'profile_sidebar_fill_color': 'DDEEF6', 'profile_text_color': '333333', 'profile_use_background_image': True, 'has_extended_profile': True, 'default_profile': True, 'default_profile_image': False, 'following': False, 'follow_request_sent': False, 'notifications': False, 'translator_type': 'none'}",1,108,0.9455359478207775,102.11788236464398,[]
3,,,Thu Apr 26 17:45:50 +0000 2018,"{'hashtags': [], 'symbols': [], 'user_mentions': [{'screen_name': 'EPA', 'name': 'U.S. EPA', 'id': 14615871, 'id_str': '14615871', 'indices': [54, 58]}], 'urls': [{'url': 'https://t.co/kPXIiXwfgb', 'expanded_url': 'https://twitter.com/i/web/status/989561203419738113', 'display_url': 'twitter.com/i/web/status/9‚Ä¶', 'indices': [117, 140]}]}",27,False,,989561203419738113,989561203419738113,,,,,,False,en,,False,,,,1,False,,"<a href=""http://twitter.com"" rel=""nofollow"">Twitter Web Client</a>",Proud to support Greene County's grant award from the @EPA to help revitalize former industrial sites for future us‚Ä¶ https://t.co/kPXIiXwfgb,True,"{'id': 984456621417000960, 'id_str': '984456621417000960', 'name': 'Conor Lamb', 'screen_name': 'RepConorLamb', 'location': 'Mount Lebanon, PA', 'description': 'U.S. Representative for #PA18, including parts of Allegheny, Westmoreland, Washington & Greene Counties in southwestern PA.', 'url': 'https://t.co/IV72iCUpal', 'entities': {'url': {'urls': [{'url': 'https://t.co/IV72iCUpal', 'expanded_url': 'http://lamb.house.gov', 'display_url': 'lamb.house.gov', 'indices': [0, 23]}]}, 'description': {'urls': []}}, 'protected': False, 'followers_count': 4289, 'friends_count': 0, 'listed_count': 6, 'created_at': 'Thu Apr 12 15:42:03 +0000 2018', 'favourites_count': 0, 'utc_offset': -25200, 'time_zone': 'Pacific Time (US & Canada)', 'geo_enabled': False, 'verified': True, 'statuses_count': 15, 'lang': 'en', 'contributors_enabled': False, 'is_translator': False, 'is_translation_enabled': False, 'profile_background_color': 'F5F8FA', 'profile_background_image_url': None, 'profile_background_image_url_https': None, 'profile_background_tile': False, 'profile_image_url': 'http://pbs.twimg.com/profile_images/984511126653231104/hEb3JBzy_normal.jpg', 'profile_image_url_https': 'https://pbs.twimg.com/profile_images/984511126653231104/hEb3JBzy_normal.jpg', 'profile_banner_url': 'https://pbs.twimg.com/profile_banners/984456621417000960/1523635857', 'profile_link_color': '1DA1F2', 'profile_sidebar_border_color': 'C0DEED', 'profile_sidebar_fill_color': 'DDEEF6', 'profile_text_color': '333333', 'profile_use_background_image': True, 'has_extended_profile': True, 'default_profile': True, 'default_profile_image': False, 'following': False, 'follow_request_sent': False, 'notifications': False, 'translator_type': 'none'}",1,27,0.9146342350116639,24.695124345314923,[]
4,,,Tue Apr 24 19:27:00 +0000 2018,"{'hashtags': [{'text': 'veteran', 'indices': [53, 61]}, {'text': 'PA18', 'indices': [98, 103]}], 'symbols': [], 'user_mentions': [], 'urls': [{'url': 'https://t.co/AXIwztkvfC', 'expanded_url': 'https://twitter.com/i/web/status/988861887986139137', 'display_url': 'twitter.com/i/web/status/9‚Ä¶', 'indices': [117, 140]}]}",58,False,,988861887986139137,988861887986139137,,,,,,False,en,,False,,,,31,False,,"<a href=""http://twitter.com"" rel=""nofollow"">Twitter Web Client</a>",We're seeking a wounded warrior or medically retired #veteran for a 2-year paid fellowship in our #PA18 office thro‚Ä¶ https://t.co/AXIwztkvfC,True,"{'id': 984456621417000960, 'id_str': '984456621417000960', 'name': 'Conor Lamb', 'screen_name': 'RepConorLamb', 'location': 'Mount Lebanon, PA', 'description': 'U.S. Representative for #PA18, including parts of Allegheny, Westmoreland, Washington & Greene Counties in southwestern PA.', 'url': 'https://t.co/IV72iCUpal', 'entities': {'url': {'urls': [{'url': 'https://t.co/IV72iCUpal', 'expanded_url': 'http://lamb.house.gov', 'display_url': 'lamb.house.gov', 'indices': [0, 23]}]}, 'description': {'urls': []}}, 'protected': False, 'followers_count': 4289, 'friends_count': 0, 'listed_count': 6, 'created_at': 'Thu Apr 12 15:42:03 +0000 2018', 'favourites_count': 0, 'utc_offset': -25200, 'time_zone': 'Pacific Time (US & Canada)', 'geo_enabled': False, 'verified': True, 'statuses_count': 15, 'lang': 'en', 'contributors_enabled': False, 'is_translator': False, 'is_translation_enabled': False, 'profile_background_color': 'F5F8FA', 'profile_background_image_url': None, 'profile_background_image_url_https': None, 'profile_background_tile': False, 'profile_image_url': 'http://pbs.twimg.com/profile_images/984511126653231104/hEb3JBzy_normal.jpg', 'profile_image_url_https': 'https://pbs.twimg.com/profile_images/984511126653231104/hEb3JBzy_normal.jpg', 'profile_banner_url': 'https://pbs.twimg.com/profile_banners/984456621417000960/1523635857', 'profile_link_color': '1DA1F2', 'profile_sidebar_border_color': 'C0DEED', 'profile_sidebar_fill_color': 'DDEEF6', 'profile_text_color': '333333', 'profile_use_background_image': True, 'has_extended_profile': True, 'default_profile': True, 'default_profile_image': False, 'following': False, 'follow_request_sent': False, 'notifications': False, 'translator_type': 'none'}",0,0,0.4707343708047042,27.302593506672842,"['veteran', 'PA18']"
5,,,Thu Apr 19 18:21:54 +0000 2018,"{'hashtags': [{'text': 'PA18', 'indices': [15, 20]}], 'symbols': [], 'user_mentions': [], 'urls': [{'url': 'https://t.co/4WpF2wMqUZ', 'expanded_url': 'https://lamb.house.gov/htbin/formproc/contact/newsletter-subscribe%26pass', 'display_url': 'lamb.house.gov/htbin/formproc‚Ä¶', 'indices': [99, 122]}]}",15,False,,987033565954273285,987033565954273285,,,,,,False,en,,False,,,,5,False,,"<a href=""http://twitter.com"" rel=""nofollow"">Twitter Web Client</a>","If you live in #PA18, sign up for our e-newsletter to keep up with all the latest from our office: https://t.co/4WpF2wMqUZ",False,"{'id': 984456621417000960, 'id_str': '984456621417000960', 'name': 'Conor Lamb', 'screen_name': 'RepConorLamb', 'location': 'Mount Lebanon, PA', 'description': 'U.S. Representative for #PA18, including parts of Allegheny, Westmoreland, Washington & Greene Counties in southwestern PA.', 'url': 'https://t.co/IV72iCUpal', 'entities': {'url': {'urls': [{'url': 'https://t.co/IV72iCUpal', 'expanded_url': 'http://lamb.house.gov', 'display_url': 'lamb.house.gov', 'indices': [0, 23]}]}, 'description': {'urls': []}}, 'protected': False, 'followers_count': 4289, 'friends_count': 0, 'listed_count': 6, 'created_at': 'Thu Apr 12 15:42:03 +0000 2018', 'favourites_count': 0, 'utc_offset': -25200, 'time_zone': 'Pacific Time (US & Canada)', 'geo_enabled': False, 'verified': True, 'statuses_count': 15, 'lang': 'en', 'contributors_enabled': False, 'is_translator': False, 'is_translation_enabled': False, 'profile_background_color': 'F5F8FA', 'profile_background_image_url': None, 'profile_background_image_url_https': None, 'profile_background_tile': False, 'profile_image_url': 'http://pbs.twimg.com/profile_images/984511126653231104/hEb3JBzy_normal.jpg', 'profile_image_url_https': 'https://pbs.twimg.com/profile_images/984511126653231104/hEb3JBzy_normal.jpg', 'profile_banner_url': 'https://pbs.twimg.com/profile_banners/984456621417000960/1523635857', 'profile_link_color': '1DA1F2', 'profile_sidebar_border_color': 'C0DEED', 'profile_sidebar_fill_color': 'DDEEF6', 'profile_text_color': '333333', 'profile_use_background_image': True, 'has_extended_profile': True, 'default_profile': True, 'default_profile_image': False, 'following': False, 'follow_request_sent': False, 'notifications': False, 'translator_type': 'none'}",1,15,0.8930075006389939,13.395112509584909,['PA18']
6,,,Thu Apr 19 18:21:03 +0000 2018,"{'hashtags': [], 'symbols': [], 'user_mentions': [{'screen_name': 'ACE_Fitzgerald', 'name': 'Allegheny Co. Exec.', 'id': 24891679, 'id_str': '24891679', 'indices': [3, 18]}, {'screen_name': 'PITairport', 'name': 'PIT airport', 'id': 24170193, 'id_str': '24170193', 'indices': [39, 50]}, {'screen_name': 'CarnegieMellon', 'name': 'Carnegie Mellon', 'id': 17631078, 'id_str': '17631078', 'indices': [57, 72]}, {'screen_name': 'Metro21CMU', 'name': 'Metro21', 'id': 733674174116421632, 'id_str': '733674174116421632', 'indices': [73, 84]}, {'screen_name': 'RepConorLamb', 'name': 'Conor Lamb', 'id': 984456621417000960, 'id_str': '984456621417000960', 'indices': [125, 138]}], 'urls': []}",0,False,,987033350148935686,987033350148935686,,,,,,False,en,,,,,,8,False,"{'created_at': 'Thu Apr 19 15:45:32 +0000 2018', 'id': 986994211714142208, 'id_str': '986994211714142208', 'text': 'Congratulations to @PITairport &amp; @CarnegieMellon @Metro21CMU on this great partnership. Thank you to @RepConorLamb‚Ä¶ https://t.co/ELGtzPlPgk', 'truncated': True, 'entities': {'hashtags': [], 'symbols': [], 'user_mentions': [{'screen_name': 'PITairport', 'name': 'PIT airport', 'id': 24170193, 'id_str': '24170193', 'indices': [19, 30]}, {'screen_name': 'CarnegieMellon', 'name': 'Carnegie Mellon', 'id': 17631078, 'id_str': '17631078', 'indices': [37, 52]}, {'screen_name': 'Metro21CMU', 'name': 'Metro21', 'id': 733674174116421632, 'id_str': '733674174116421632', 'indices': [53, 64]}, {'screen_name': 'RepConorLamb', 'name': 'Conor Lamb', 'id': 984456621417000960, 'id_str': '984456621417000960', 'indices': [105, 118]}], 'urls': [{'url': 'https://t.co/ELGtzPlPgk', 'expanded_url': 'https://twitter.com/i/web/status/986994211714142208', 'display_url': 'twitter.com/i/web/status/9‚Ä¶', 'indices': [120, 143]}]}, 'source': '<a href=""http://twitter.com/download/iphone"" rel=""nofollow"">Twitter for iPhone</a>', 'in_reply_to_status_id': None, 'in_reply_to_status_id_str': None, 'in_reply_to_user_id': None, 'in_reply_to_user_id_str': None, 'in_reply_to_screen_name': None, 'user': {'id': 24891679, 'id_str': '24891679', 'name': 'Allegheny Co. Exec.', 'screen_name': 'ACE_Fitzgerald', 'location': '', 'description': 'Rich Fitzgerald was sworn in as County Executive on January 3, 2012.  He previously held the District 11 County Council seat, serving as President for 8 years.', 'url': 'https://t.co/9j6YM1ZhAI', 'entities': {'url': {'urls': [{'url': 'https://t.co/9j6YM1ZhAI', 'expanded_url': 'http://www.alleghenycounty.us/county-executive/index.aspx', 'display_url': 'alleghenycounty.us/county-executi‚Ä¶', 'indices': [0, 23]}]}, 'description': {'urls': []}}, 'protected': False, 'followers_count': 13369, 'friends_count': 1104, 'listed_count': 181, 'created_at': 'Tue Mar 17 14:47:06 +0000 2009', 'favourites_count': 197, 'utc_offset': -14400, 'time_zone': 'Eastern Time (US & Canada)', 'geo_enabled': True, 'verified': False, 'statuses_count': 6820, 'lang': 'en', 'contributors_enabled': False, 'is_translator': False, 'is_translation_enabled': False, 'profile_background_color': '131516', 'profile_background_image_url': 'http://abs.twimg.com/images/themes/theme14/bg.gif', 'profile_background_image_url_https': 'https://abs.twimg.com/images/themes/theme14/bg.gif', 'profile_background_tile': True, 'profile_image_url': 'http://pbs.twimg.com/profile_images/713123266391478272/bjEcLOwJ_normal.jpg', 'profile_image_url_https': 'https://pbs.twimg.com/profile_images/713123266391478272/bjEcLOwJ_normal.jpg', 'profile_banner_url': 'https://pbs.twimg.com/profile_banners/24891679/1444324258', 'profile_link_color': '009999', 'profile_sidebar_border_color': 'EEEEEE', 'profile_sidebar_fill_color': 'EFEFEF', 'profile_text_color': '333333', 'profile_use_background_image': True, 'has_extended_profile': False, 'default_profile': False, 'default_profile_image': False, 'following': False, 'follow_request_sent': False, 'notifications': False, 'translator_type': 'none'}, 'geo': None, 'coordinates': None, 'place': None, 'contributors': None, 'is_quote_status': False, 'retweet_count': 8, 'favorite_count': 21, 'favorited': False, 'retweeted': False, 'possibly_sensitive': False, 'lang': 'en'}","<a href=""http://twitter.com"" rel=""nofollow"">Twitter Web Client</a>",RT @ACE_Fitzgerald: Congratulations to @PITairport &amp; @CarnegieMellon @Metro21CMU on this great partnership. Thank you to @RepConorLamb @Mar‚Ä¶,False,"{'id': 984456621417000960, 'id_str': '984456621417000960', 'name': 'Conor Lamb', 'screen_name': 'RepConorLamb', 'location': 'Mount Lebanon, PA', 'description': 'U.S. Representative for #PA18, including parts of Allegheny, Westmoreland, Washington & Greene Counties in southwestern PA.', 'url': 'https://t.co/IV72iCUpal', 'entities': {'url': {'urls': [{'url': 'https://t.co/IV72iCUpal', 'expanded_url': 'http://lamb.house.gov', 'display_url': 'lamb.house.gov', 'indices': [0, 23]}]}, 'description': {'urls': []}}, 'protected': False, 'followers_count': 4289, 'friends_count': 0, 'listed_count': 6, 'created_at': 'Thu Apr 12 15:42:03 +0000 2018', 'favourites_count': 0, 'utc_offset': -25200, 'time_zone': 'Pacific Time (US & Canada)', 'geo_enabled': False, 'verified': True, 'statuses_count': 15, 'lang': 'en', 'contributors_enabled': False, 'is_translator': False, 'is_translation_enabled': False, 'profile_background_color': 'F5F8FA', 'profile_background_image_url': None, 'profile_background_image_url_https': None, 'profile_background_tile': False, 'profile_image_url': 'http://pbs.twimg.com/profile_images/984511126653231104/hEb3JBzy_normal.jpg', 'profile_image_url_https': 'https://pbs.twimg.com/profile_images/984511126653231104/hEb3JBzy_normal.jpg', 'profile_banner_url': 'https://pbs.twimg.com/profile_banners/984456621417000960/1523635857', 'profile_link_color': '1DA1F2', 'profile_sidebar_border_color': 'C0DEED', 'profile_sidebar_fill_color': 'DDEEF6', 'profile_text_color': '333333', 'profile_use_background_image': True, 'has_extended_profile': True, 'default_profile': True, 'default_profile_image': False, 'following': False, 'follow_request_sent': False, 'notifications': False, 'translator_type': 'none'}",1,0,0.8727845951097638,0.0,[]
7,,,Thu Apr 19 18:20:56 +0000 2018,"{'hashtags': [], 'symbols': [], 'user_mentions': [{'screen_name': 'ACE_Fitzgerald', 'name': 'Allegheny Co. Exec.', 'id': 24891679, 'id_str': '24891679', 'indices': [3, 18]}, {'screen_name': 'PITairport', 'name': 'PIT airport', 'id': 24170193, 'id_str': '24170193', 'indices': [62, 73]}, {'screen_name': 'CarnegieMellon', 'name': 'Carnegie Mellon', 'id': 17631078, 'id_str': '17631078', 'indices': [80, 95]}, {'screen_name': 'Metro21CMU', 'name': 'Metro21', 'id': 733674174116421632, 'id_str': '733674174116421632', 'indices': [104, 115]}, {'screen_name': 'MarkMustio', 'name': 'Mark Mustio', 'id': 498193153, 'id_str': '498193153', 'indices': [127, 138]}], 'urls': []}",0,False,,987033321308901376,987033321308901376,,,,,,False,en,,,,,,10,False,"{'created_at': 'Thu Apr 19 15:23:38 +0000 2018', 'id': 986988700193247232, 'id_str': '986988700193247232', 'text': 'Announcing a historic partnership between @PITairport &amp; @CarnegieMellon and its @metro21cmu along with @MarkMustio‚Ä¶ https://t.co/2lV58sP6qY', 'truncated': True, 'entities': {'hashtags': [], 'symbols': [], 'user_mentions': [{'screen_name': 'PITairport', 'name': 'PIT airport', 'id': 24170193, 'id_str': '24170193', 'indices': [42, 53]}, {'screen_name': 'CarnegieMellon', 'name': 'Carnegie Mellon', 'id': 17631078, 'id_str': '17631078', 'indices': [60, 75]}, {'screen_name': 'Metro21CMU', 'name': 'Metro21', 'id': 733674174116421632, 'id_str': '733674174116421632', 'indices': [84, 95]}, {'screen_name': 'MarkMustio', 'name': 'Mark Mustio', 'id': 498193153, 'id_str': '498193153', 'indices': [107, 118]}], 'urls': [{'url': 'https://t.co/2lV58sP6qY', 'expanded_url': 'https://twitter.com/i/web/status/986988700193247232', 'display_url': 'twitter.com/i/web/status/9‚Ä¶', 'indices': [120, 143]}]}, 'source': '<a href=""http://twitter.com/download/iphone"" rel=""nofollow"">Twitter for iPhone</a>', 'in_reply_to_status_id': None, 'in_reply_to_status_id_str': None, 'in_reply_to_user_id': None, 'in_reply_to_user_id_str': None, 'in_reply_to_screen_name': None, 'user': {'id': 24891679, 'id_str': '24891679', 'name': 'Allegheny Co. Exec.', 'screen_name': 'ACE_Fitzgerald', 'location': '', 'description': 'Rich Fitzgerald was sworn in as County Executive on January 3, 2012.  He previously held the District 11 County Council seat, serving as President for 8 years.', 'url': 'https://t.co/9j6YM1ZhAI', 'entities': {'url': {'urls': [{'url': 'https://t.co/9j6YM1ZhAI', 'expanded_url': 'http://www.alleghenycounty.us/county-executive/index.aspx', 'display_url': 'alleghenycounty.us/county-executi‚Ä¶', 'indices': [0, 23]}]}, 'description': {'urls': []}}, 'protected': False, 'followers_count': 13369, 'friends_count': 1104, 'listed_count': 181, 'created_at': 'Tue Mar 17 14:47:06 +0000 2009', 'favourites_count': 197, 'utc_offset': -14400, 'time_zone': 'Eastern Time (US & Canada)', 'geo_enabled': True, 'verified': False, 'statuses_count': 6820, 'lang': 'en', 'contributors_enabled': False, 'is_translator': False, 'is_translation_enabled': False, 'profile_background_color': '131516', 'profile_background_image_url': 'http://abs.twimg.com/images/themes/theme14/bg.gif', 'profile_background_image_url_https': 'https://abs.twimg.com/images/themes/theme14/bg.gif', 'profile_background_tile': True, 'profile_image_url': 'http://pbs.twimg.com/profile_images/713123266391478272/bjEcLOwJ_normal.jpg', 'profile_image_url_https': 'https://pbs.twimg.com/profile_images/713123266391478272/bjEcLOwJ_normal.jpg', 'profile_banner_url': 'https://pbs.twimg.com/profile_banners/24891679/1444324258', 'profile_link_color': '009999', 'profile_sidebar_border_color': 'EEEEEE', 'profile_sidebar_fill_color': 'EFEFEF', 'profile_text_color': '333333', 'profile_use_background_image': True, 'has_extended_profile': False, 'default_profile': False, 'default_profile_image': False, 'following': False, 'follow_request_sent': False, 'notifications': False, 'translator_type': 'none'}, 'geo': None, 'coordinates': None, 'place': None, 'contributors': None, 'is_quote_status': False, 'retweet_count': 10, 'favorite_count': 26, 'favorited': False, 'retweeted': False, 'possibly_sensitive': False, 'lang': 'en'}","<a href=""http://twitter.com"" rel=""nofollow"">Twitter Web Client</a>",RT @ACE_Fitzgerald: Announcing a historic partnership between @PITairport &amp; @CarnegieMellon and its @metro21cmu along with @MarkMustio @Rep‚Ä¶,False,"{'id': 984456621417000960, 'id_str': '984456621417000960', 'name': 'Conor Lamb', 'screen_name': 'RepConorLamb', 'location': 'Mount Lebanon, PA', 'description': 'U.S. Representative for #PA18, including parts of Allegheny, Westmoreland, Washington & Greene Counties in southwestern PA.', 'url': 'https://t.co/IV72iCUpal', 'entities': {'url': {'urls': [{'url': 'https://t.co/IV72iCUpal', 'expanded_url': 'http://lamb.house.gov', 'display_url': 'lamb.house.gov', 'indices': [0, 23]}]}, 'description': {'urls': []}}, 'protected': False, 'followers_count': 4289, 'friends_count': 0, 'listed_count': 6, 'created_at': 'Thu Apr 12 15:42:03 +0000 2018', 'favourites_count': 0, 'utc_offset': -25200, 'time_zone': 'Pacific Time (US & Canada)', 'geo_enabled': False, 'verified': True, 'statuses_count': 15, 'lang': 'en', 'contributors_enabled': False, 'is_translator': False, 'is_translation_enabled': False, 'profile_background_color': 'F5F8FA', 'profile_background_image_url': None, 'profile_background_image_url_https': None, 'profile_background_tile': False, 'profile_image_url': 'http://pbs.twimg.com/profile_images/984511126653231104/hEb3JBzy_normal.jpg', 'profile_image_url_https': 'https://pbs.twimg.com/profile_images/984511126653231104/hEb3JBzy_normal.jpg', 'profile_banner_url': 'https://pbs.twimg.com/profile_banners/984456621417000960/1523635857', 'profile_link_color': '1DA1F2', 'profile_sidebar_border_color': 'C0DEED', 'profile_sidebar_fill_color': 'DDEEF6', 'profile_text_color': '333333', 'profile_use_background_image': True, 'has_extended_profile': True, 'default_profile': True, 'default_profile_image': False, 'following': False, 'follow_request_sent': False, 'notifications': False, 'translator_type': 'none'}",1,0,0.7009848062453746,0.0,[]
8,,,Wed Apr 18 15:54:32 +0000 2018,"{'hashtags': [], 'symbols': [], 'user_mentions': [], 'urls': [{'url': 'https://t.co/d7SKH2JFjK', 'expanded_url': 'https://twitter.com/i/web/status/986634091633283072', 'display_url': 'twitter.com/i/web/status/9‚Ä¶', 'indices': [125, 148]}]}",49,False,,986634091633283072,986634091633283072,,,,,,False,en,,False,,,,8,False,,"<a href=""http://twitter.com"" rel=""nofollow"">Twitter Web Client</a>","Honored to have the opportunity to serve on the Veterans' Affairs Committee &amp; the Science, Space &amp; Technology Commi‚Ä¶ https://t.co/d7SKH2JFjK",True,"{'id': 984456621417000960, 'id_str': '984456621417000960', 'name': 'Conor Lamb', 'screen_name': 'RepConorLamb', 'location': 'Mount Lebanon, PA', 'description': 'U.S. Representative for #PA18, including parts of Allegheny, Westmoreland, Washington & Greene Counties in southwestern PA.', 'url': 'https://t.co/IV72iCUpal', 'entities': {'url': {'urls': [{'url': 'https://t.co/IV72iCUpal', 'expanded_url': 'http://lamb.house.gov', 'display_url': 'lamb.house.gov', 'indices': [0, 23]}]}, 'description': {'urls': []}}, 'protected': False, 'followers_count': 4289, 'friends_count': 0, 'listed_count': 6, 'created_at': 'Thu Apr 12 15:42:03 +0000 2018', 'favourites_count': 0, 'utc_offset': -25200, 'time_zone': 'Pacific Time (US & Canada)', 'geo_enabled': False, 'verified': True, 'statuses_count': 15, 'lang': 'en', 'contributors_enabled': False, 'is_translator': False, 'is_translation_enabled': False, 'profile_background_color': 'F5F8FA', 'profile_background_image_url': None, 'profile_background_image_url_https': None, 'profile_background_tile': False, 'profile_image_url': 'http://pbs.twimg.com/profile_images/984511126653231104/hEb3JBzy_normal.jpg', 'profile_image_url_https': 'https://pbs.twimg.com/profile_images/984511126653231104/hEb3JBzy_normal.jpg', 'profile_banner_url': 'https://pbs.twimg.com/profile_banners/984456621417000960/1523635857', 'profile_link_color': '1DA1F2', 'profile_sidebar_border_color': 'C0DEED', 'profile_sidebar_fill_color': 'DDEEF6', 'profile_text_color': '333333', 'profile_use_background_image': True, 'has_extended_profile': True, 'default_profile': True, 'default_profile_image': False, 'following': False, 'follow_request_sent': False, 'notifications': False, 'translator_type': 'none'}",0,0,0.36387332147058343,17.829792752058587,[]
9,,,Wed Apr 18 00:21:43 +0000 2018,"{'hashtags': [], 'symbols': [], 'user_mentions': [{'screen_name': 'GoIUPAT', 'name': 'GoIUPAT‚úäüèΩ', 'id': 16096735, 'id_str': '16096735', 'indices': [11, 19]}, {'screen_name': 'smartunionworks', 'name': 'smartunion', 'id': 16899221, 'id_str': '16899221', 'indices': [21, 37]}, {'screen_name': 'TheIronworkers', 'name': 'Ironworkers.', 'id': 344805504, 'id_str': '344805504', 'indices': [44, 59]}], 'urls': [{'url': 'https://t.co/VPihiCx95a', 'expanded_url': 'https://twitter.com/i/web/status/986399340313931776', 'display_url': 'twitter.com/i/web/status/9‚Ä¶', 'indices': [125, 148]}]}",49,False,,986399340313931776,986399340313931776,,,,,,False,en,,False,,,,19,False,,"<a href=""http://twitter.com/download/iphone"" rel=""nofollow"">Twitter for iPhone</a>","Spoke with @GoIUPAT, @smartunionworks &amp; @TheIronworkers members in DC tonight about the need to reform labor laws &amp;‚Ä¶ https://t.co/VPihiCx95a",True,"{'id': 984456621417000960, 'id_str': '984456621417000960', 'name': 'Conor Lamb', 'screen_name': 'RepConorLamb', 'location': 'Mount Lebanon, PA', 'description': 'U.S. Representative for #PA18, including parts of Allegheny, Westmoreland, Washington & Greene Counties in southwestern PA.', 'url': 'https://t.co/IV72iCUpal', 'entities': {'url': {'urls': [{'url': 'https://t.co/IV72iCUpal', 'expanded_url': 'http://lamb.house.gov', 'display_url': 'lamb.house.gov', 'indices': [0, 23]}]}, 'description': {'urls': []}}, 'protected': False, 'followers_count': 4289, 'friends_count': 0, 'listed_count': 6, 'created_at': 'Thu Apr 12 15:42:03 +0000 2018', 'favourites_count': 0, 'utc_offset': -25200, 'time_zone': 'Pacific Time (US & Canada)', 'geo_enabled': False, 'verified': True, 'statuses_count': 15, 'lang': 'en', 'contributors_enabled': False, 'is_translator': False, 'is_translation_enabled': False, 'profile_background_color': 'F5F8FA', 'profile_background_image_url': None, 'profile_background_image_url_https': None, 'profile_background_tile': False, 'profile_image_url': 'http://pbs.twimg.com/profile_images/984511126653231104/hEb3JBzy_normal.jpg', 'profile_image_url_https': 'https://pbs.twimg.com/profile_images/984511126653231104/hEb3JBzy_normal.jpg', 'profile_banner_url': 'https://pbs.twimg.com/profile_banners/984456621417000960/1523635857', 'profile_link_color': '1DA1F2', 'profile_sidebar_border_color': 'C0DEED', 'profile_sidebar_fill_color': 'DDEEF6', 'profile_text_color': '333333', 'profile_use_background_image': True, 'has_extended_profile': True, 'default_profile': True, 'default_profile_image': False, 'following': False, 'follow_request_sent': False, 'notifications': False, 'translator_type': 'none'}",0,0,0.4920733745254312,24.11159535174613,[]
10,,,Tue Apr 17 22:18:28 +0000 2018,"{'hashtags': [], 'symbols': [], 'user_mentions': [{'screen_name': 'RebeccaDroke', 'name': 'Rebecca Droke', 'id': 2874516790, 'id_str': '2874516790', 'indices': [3, 16]}, {'screen_name': 'PGVisuals', 'name': 'PGVisuals', 'id': 2850197535, 'id_str': '2850197535', 'indices': [105, 115]}, {'screen_name': 'PittsburghPG', 'name': 'Pittsburgh Post-Gazette', 'id': 21780652, 'id_str': '21780652', 'indices': [116, 129]}], 'urls': []}",0,False,,986368321078603776,986368321078603776,,,,,,False,en,,,,,,24,False,"{'created_at': 'Tue Apr 17 15:32:27 +0000 2018', 'id': 986266143936667648, 'id_str': '986266143936667648', 'text': 'Newly sworn in U.S. Rep. Conor Lamb on the job at the U.S. Capitol complex on Tuesday. @PGVisuals @PittsburghPG https://t.co/4EUBMDs4Wy', 'truncated': False, 'entities': {'hashtags': [], 'symbols': [], 'user_mentions': [{'screen_name': 'PGVisuals', 'name': 'PGVisuals', 'id': 2850197535, 'id_str': '2850197535', 'indices': [87, 97]}, {'screen_name': 'PittsburghPG', 'name': 'Pittsburgh Post-Gazette', 'id': 21780652, 'id_str': '21780652', 'indices': [98, 111]}], 'urls': [], 'media': [{'id': 986264050337185792, 'id_str': '986264050337185792', 'indices': [112, 135], 'media_url': 'http://pbs.twimg.com/media/Da_p7acWAAAZmms.jpg', 'media_url_https': 'https://pbs.twimg.com/media/Da_p7acWAAAZmms.jpg', 'url': 'https://t.co/4EUBMDs4Wy', 'display_url': 'pic.twitter.com/4EUBMDs4Wy', 'expanded_url': 'https://twitter.com/RebeccaDroke/status/986266143936667648/photo/1', 'type': 'photo', 'sizes': {'thumb': {'w': 150, 'h': 150, 'resize': 'crop'}, 'medium': {'w': 1200, 'h': 801, 'resize': 'fit'}, 'large': {'w': 2048, 'h': 1367, 'resize': 'fit'}, 'small': {'w': 680, 'h': 454, 'resize': 'fit'}}}]}, 'extended_entities': {'media': [{'id': 986264050337185792, 'id_str': '986264050337185792', 'indices': [112, 135], 'media_url': 'http://pbs.twimg.com/media/Da_p7acWAAAZmms.jpg', 'media_url_https': 'https://pbs.twimg.com/media/Da_p7acWAAAZmms.jpg', 'url': 'https://t.co/4EUBMDs4Wy', 'display_url': 'pic.twitter.com/4EUBMDs4Wy', 'expanded_url': 'https://twitter.com/RebeccaDroke/status/986266143936667648/photo/1', 'type': 'photo', 'sizes': {'thumb': {'w': 150, 'h': 150, 'resize': 'crop'}, 'medium': {'w': 1200, 'h': 801, 'resize': 'fit'}, 'large': {'w': 2048, 'h': 1367, 'resize': 'fit'}, 'small': {'w': 680, 'h': 454, 'resize': 'fit'}}}, {'id': 986264907447525376, 'id_str': '986264907447525376', 'indices': [112, 135], 'media_url': 'http://pbs.twimg.com/media/Da_qtTbX4AAVfTg.jpg', 'media_url_https': 'https://pbs.twimg.com/media/Da_qtTbX4AAVfTg.jpg', 'url': 'https://t.co/4EUBMDs4Wy', 'display_url': 'pic.twitter.com/4EUBMDs4Wy', 'expanded_url': 'https://twitter.com/RebeccaDroke/status/986266143936667648/photo/1', 'type': 'photo', 'sizes': {'thumb': {'w': 150, 'h': 150, 'resize': 'crop'}, 'medium': {'w': 1200, 'h': 801, 'resize': 'fit'}, 'large': {'w': 2048, 'h': 1367, 'resize': 'fit'}, 'small': {'w': 680, 'h': 454, 'resize': 'fit'}}}, {'id': 986264907455827970, 'id_str': '986264907455827970', 'indices': [112, 135], 'media_url': 'http://pbs.twimg.com/media/Da_qtTdWkAIa_3N.jpg', 'media_url_https': 'https://pbs.twimg.com/media/Da_qtTdWkAIa_3N.jpg', 'url': 'https://t.co/4EUBMDs4Wy', 'display_url': 'pic.twitter.com/4EUBMDs4Wy', 'expanded_url': 'https://twitter.com/RebeccaDroke/status/986266143936667648/photo/1', 'type': 'photo', 'sizes': {'thumb': {'w': 150, 'h': 150, 'resize': 'crop'}, 'medium': {'w': 1200, 'h': 801, 'resize': 'fit'}, 'small': {'w': 680, 'h': 454, 'resize': 'fit'}, 'large': {'w': 2048, 'h': 1367, 'resize': 'fit'}}}, {'id': 986264907455791104, 'id_str': '986264907455791104', 'indices': [112, 135], 'media_url': 'http://pbs.twimg.com/media/Da_qtTdWAAAPxBA.jpg', 'media_url_https': 'https://pbs.twimg.com/media/Da_qtTdWAAAPxBA.jpg', 'url': 'https://t.co/4EUBMDs4Wy', 'display_url': 'pic.twitter.com/4EUBMDs4Wy', 'expanded_url': 'https://twitter.com/RebeccaDroke/status/986266143936667648/photo/1', 'type': 'photo', 'sizes': {'thumb': {'w': 150, 'h': 150, 'resize': 'crop'}, 'medium': {'w': 1200, 'h': 801, 'resize': 'fit'}, 'large': {'w': 2048, 'h': 1367, 'resize': 'fit'}, 'small': {'w': 680, 'h': 454, 'resize': 'fit'}}}]}, 'source': '<a href=""http://twitter.com"" rel=""nofollow"">Twitter Web Client</a>', 'in_reply_to_status_id': None, 'in_reply_to_status_id_str': None, 'in_reply_to_user_id': None, 'in_reply_to_user_id_str': None, 'in_reply_to_screen_name': None, 'user': {'id': 2874516790, 'id_str': '2874516790', 'name': 'Rebecca Droke', 'screen_name': 'RebeccaDroke', 'location': 'Pittsburgh, Pa', 'description': 'Pittsburgh Post-Gazette staff photographer since 2006.', 'url': 'https://t.co/zazukdYTFJ', 'entities': {'url': {'urls': [{'url': 'https://t.co/zazukdYTFJ', 'expanded_url': 'http://www.post-gazette.com', 'display_url': 'post-gazette.com', 'indices': [0, 23]}]}, 'description': {'urls': []}}, 'protected': False, 'followers_count': 598, 'friends_count': 342, 'listed_count': 36, 'created_at': 'Thu Nov 13 00:41:40 +0000 2014', 'favourites_count': 1010, 'utc_offset': None, 'time_zone': None, 'geo_enabled': True, 'verified': True, 'statuses_count': 1198, 'lang': 'en', 'contributors_enabled': False, 'is_translator': False, 'is_translation_enabled': False, 'profile_background_color': '000000', 'profile_background_image_url': 'http://abs.twimg.com/images/themes/theme1/bg.png', 'profile_background_image_url_https': 'https://abs.twimg.com/images/themes/theme1/bg.png', 'profile_background_tile': False, 'profile_image_url': 'http://pbs.twimg.com/profile_images/956542154792415232/x1WnoKgz_normal.jpg', 'profile_image_url_https': 'https://pbs.twimg.com/profile_images/956542154792415232/x1WnoKgz_normal.jpg', 'profile_banner_url': 'https://pbs.twimg.com/profile_banners/2874516790/1417215326', 'profile_link_color': 'ABB8C2', 'profile_sidebar_border_color': '000000', 'profile_sidebar_fill_color': '000000', 'profile_text_color': '000000', 'profile_use_background_image': False, 'has_extended_profile': False, 'default_profile': False, 'default_profile_image': False, 'following': False, 'follow_request_sent': False, 'notifications': False, 'translator_type': 'none'}, 'geo': None, 'coordinates': None, 'place': None, 'contributors': None, 'is_quote_status': False, 'retweet_count': 24, 'favorite_count': 81, 'favorited': False, 'retweeted': False, 'possibly_sensitive': False, 'lang': 'en'}","<a href=""http://twitter.com/download/iphone"" rel=""nofollow"">Twitter for iPhone</a>",RT @RebeccaDroke: Newly sworn in U.S. Rep. Conor Lamb on the job at the U.S. Capitol complex on Tuesday. @PGVisuals @PittsburghPG https://t‚Ä¶,False,"{'id': 984456621417000960, 'id_str': '984456621417000960', 'name': 'Conor Lamb', 'screen_name': 'RepConorLamb', 'location': 'Mount Lebanon, PA', 'description': 'U.S. Representative for #PA18, including parts of Allegheny, Westmoreland, Washington & Greene Counties in southwestern PA.', 'url': 'https://t.co/IV72iCUpal', 'entities': {'url': {'urls': [{'url': 'https://t.co/IV72iCUpal', 'expanded_url': 'http://lamb.house.gov', 'display_url': 'lamb.house.gov', 'indices': [0, 23]}]}, 'description': {'urls': []}}, 'protected': False, 'followers_count': 4289, 'friends_count': 0, 'listed_count': 6, 'created_at': 'Thu Apr 12 15:42:03 +0000 2018', 'favourites_count': 0, 'utc_offset': -25200, 'time_zone': 'Pacific Time (US & Canada)', 'geo_enabled': False, 'verified': True, 'statuses_count': 15, 'lang': 'en', 'contributors_enabled': False, 'is_translator': False, 'is_translation_enabled': False, 'profile_background_color': 'F5F8FA', 'profile_background_image_url': None, 'profile_background_image_url_https': None, 'profile_background_tile': False, 'profile_image_url': 'http://pbs.twimg.com/profile_images/984511126653231104/hEb3JBzy_normal.jpg', 'profile_image_url_https': 'https://pbs.twimg.com/profile_images/984511126653231104/hEb3JBzy_normal.jpg', 'profile_banner_url': 'https://pbs.twimg.com/profile_banners/984456621417000960/1523635857', 'profile_link_color': '1DA1F2', 'profile_sidebar_border_color': 'C0DEED', 'profile_sidebar_fill_color': 'DDEEF6', 'profile_text_color': '333333', 'profile_use_background_image': True, 'has_extended_profile': True, 'default_profile': True, 'default_profile_image': False, 'following': False, 'follow_request_sent': False, 'notifications': False, 'translator_type': 'none'}",1,0,0.7489592283827486,0.0,[]
11,,,Fri Apr 13 22:23:56 +0000 2018,"{'hashtags': [], 'symbols': [], 'user_mentions': [], 'urls': [{'url': 'https://t.co/evZiBHsyua', 'expanded_url': 'https://twitter.com/i/web/status/984920147927461889', 'display_url': 'twitter.com/i/web/status/9‚Ä¶', 'indices': [125, 148]}]}",162,False,,984920147927461889,984920147927461889,,,,,,False,en,,False,,,,37,False,,"<a href=""http://twitter.com"" rel=""nofollow"">Twitter Web Client</a>","We're all in this together. We need solidarity, we need universal programs &amp; aspirations, &amp; we need to honor the se‚Ä¶ https://t.co/evZiBHsyua",True,"{'id': 984456621417000960, 'id_str': '984456621417000960', 'name': 'Conor Lamb', 'screen_name': 'RepConorLamb', 'location': 'Mount Lebanon, PA', 'description': 'U.S. Representative for #PA18, including parts of Allegheny, Westmoreland, Washington & Greene Counties in southwestern PA.', 'url': 'https://t.co/IV72iCUpal', 'entities': {'url': {'urls': [{'url': 'https://t.co/IV72iCUpal', 'expanded_url': 'http://lamb.house.gov', 'display_url': 'lamb.house.gov', 'indices': [0, 23]}]}, 'description': {'urls': []}}, 'protected': False, 'followers_count': 4289, 'friends_count': 0, 'listed_count': 6, 'created_at': 'Thu Apr 12 15:42:03 +0000 2018', 'favourites_count': 0, 'utc_offset': -25200, 'time_zone': 'Pacific Time (US & Canada)', 'geo_enabled': False, 'verified': True, 'statuses_count': 15, 'lang': 'en', 'contributors_enabled': False, 'is_translator': False, 'is_translation_enabled': False, 'profile_background_color': 'F5F8FA', 'profile_background_image_url': None, 'profile_background_image_url_https': None, 'profile_background_tile': False, 'profile_image_url': 'http://pbs.twimg.com/profile_images/984511126653231104/hEb3JBzy_normal.jpg', 'profile_image_url_https': 'https://pbs.twimg.com/profile_images/984511126653231104/hEb3JBzy_normal.jpg', 'profile_banner_url': 'https://pbs.twimg.com/profile_banners/984456621417000960/1523635857', 'profile_link_color': '1DA1F2', 'profile_sidebar_border_color': 'C0DEED', 'profile_sidebar_fill_color': 'DDEEF6', 'profile_text_color': '333333', 'profile_use_background_image': True, 'has_extended_profile': True, 'default_profile': True, 'default_profile_image': False, 'following': False, 'follow_request_sent': False, 'notifications': False, 'translator_type': 'none'}",1,162,0.6197665006757036,100.40217310946399,[]
12,,,Fri Apr 13 22:23:20 +0000 2018,"{'hashtags': [{'text': 'PA18', 'indices': [61, 66]}], 'symbols': [], 'user_mentions': [], 'urls': [{'url': 'https://t.co/nRUjc4AwTR', 'expanded_url': 'https://twitter.com/i/web/status/984919997158973440', 'display_url': 'twitter.com/i/web/status/9‚Ä¶', 'indices': [117, 140]}]}",53,False,,984919997158973440,984919997158973440,,,,,,False,en,,False,,,,10,False,,"<a href=""http://twitter.com"" rel=""nofollow"">Twitter Web Client</a>","At legion posts, at union halls and on people‚Äôs doorsteps in #PA18, we found a faith in America and a fierce determ‚Ä¶ https://t.co/nRUjc4AwTR",True,"{'id': 984456621417000960, 'id_str': '984456621417000960', 'name': 'Conor Lamb', 'screen_name': 'RepConorLamb', 'location': 'Mount Lebanon, PA', 'description': 'U.S. Representative for #PA18, including parts of Allegheny, Westmoreland, Washington & Greene Counties in southwestern PA.', 'url': 'https://t.co/IV72iCUpal', 'entities': {'url': {'urls': [{'url': 'https://t.co/IV72iCUpal', 'expanded_url': 'http://lamb.house.gov', 'display_url': 'lamb.house.gov', 'indices': [0, 23]}]}, 'description': {'urls': []}}, 'protected': False, 'followers_count': 4289, 'friends_count': 0, 'listed_count': 6, 'created_at': 'Thu Apr 12 15:42:03 +0000 2018', 'favourites_count': 0, 'utc_offset': -25200, 'time_zone': 'Pacific Time (US & Canada)', 'geo_enabled': False, 'verified': True, 'statuses_count': 15, 'lang': 'en', 'contributors_enabled': False, 'is_translator': False, 'is_translation_enabled': False, 'profile_background_color': 'F5F8FA', 'profile_background_image_url': None, 'profile_background_image_url_https': None, 'profile_background_tile': False, 'profile_image_url': 'http://pbs.twimg.com/profile_images/984511126653231104/hEb3JBzy_normal.jpg', 'profile_image_url_https': 'https://pbs.twimg.com/profile_images/984511126653231104/hEb3JBzy_normal.jpg', 'profile_banner_url': 'https://pbs.twimg.com/profile_banners/984456621417000960/1523635857', 'profile_link_color': '1DA1F2', 'profile_sidebar_border_color': 'C0DEED', 'profile_sidebar_fill_color': 'DDEEF6', 'profile_text_color': '333333', 'profile_use_background_image': True, 'has_extended_profile': True, 'default_profile': True, 'default_profile_image': False, 'following': False, 'follow_request_sent': False, 'notifications': False, 'translator_type': 'none'}",1,53,0.5173739452411877,27.42081909778295,['PA18']
13,,,Fri Apr 13 22:22:38 +0000 2018,"{'hashtags': [], 'symbols': [], 'user_mentions': [], 'urls': [{'url': 'https://t.co/SsKfBnhRC4', 'expanded_url': 'https://twitter.com/i/web/status/984919819853225984', 'display_url': 'twitter.com/i/web/status/9‚Ä¶', 'indices': [117, 140]}]}",45,False,,984919819853225984,984919819853225984,,,,,,False,en,,False,,,,11,False,,"<a href=""http://twitter.com"" rel=""nofollow"">Twitter Web Client</a>","We've heard a lot of talk about how our government can't get things done anymore, how we're too divided, our instit‚Ä¶ https://t.co/SsKfBnhRC4",True,"{'id': 984456621417000960, 'id_str': '984456621417000960', 'name': 'Conor Lamb', 'screen_name': 'RepConorLamb', 'location': 'Mount Lebanon, PA', 'description': 'U.S. Representative for #PA18, including parts of Allegheny, Westmoreland, Washington & Greene Counties in southwestern PA.', 'url': 'https://t.co/IV72iCUpal', 'entities': {'url': {'urls': [{'url': 'https://t.co/IV72iCUpal', 'expanded_url': 'http://lamb.house.gov', 'display_url': 'lamb.house.gov', 'indices': [0, 23]}]}, 'description': {'urls': []}}, 'protected': False, 'followers_count': 4289, 'friends_count': 0, 'listed_count': 6, 'created_at': 'Thu Apr 12 15:42:03 +0000 2018', 'favourites_count': 0, 'utc_offset': -25200, 'time_zone': 'Pacific Time (US & Canada)', 'geo_enabled': False, 'verified': True, 'statuses_count': 15, 'lang': 'en', 'contributors_enabled': False, 'is_translator': False, 'is_translation_enabled': False, 'profile_background_color': 'F5F8FA', 'profile_background_image_url': None, 'profile_background_image_url_https': None, 'profile_background_tile': False, 'profile_image_url': 'http://pbs.twimg.com/profile_images/984511126653231104/hEb3JBzy_normal.jpg', 'profile_image_url_https': 'https://pbs.twimg.com/profile_images/984511126653231104/hEb3JBzy_normal.jpg', 'profile_banner_url': 'https://pbs.twimg.com/profile_banners/984456621417000960/1523635857', 'profile_link_color': '1DA1F2', 'profile_sidebar_border_color': 'C0DEED', 'profile_sidebar_fill_color': 'DDEEF6', 'profile_text_color': '333333', 'profile_use_background_image': True, 'has_extended_profile': True, 'default_profile': True, 'default_profile_image': False, 'following': False, 'follow_request_sent': False, 'notifications': False, 'translator_type': 'none'}",0,0,0.46981435052126513,21.141645773456933,[]
14,,,Fri Apr 13 21:30:07 +0000 2018,"{'hashtags': [{'text': 'PA18', 'indices': [75, 80]}], 'symbols': [], 'user_mentions': [], 'urls': [{'url': 'https://t.co/44FHdMVfbH', 'expanded_url': 'https://twitter.com/i/web/status/984906603286671360', 'display_url': 'twitter.com/i/web/status/9‚Ä¶', 'indices': [121, 144]}]}",155,False,,984906603286671360,984906603286671360,,,,,,False,en,,False,,,,47,False,,"<a href=""http://twitter.com"" rel=""nofollow"">Twitter Web Client</a>",It is a tremendous honor to take the oath &amp; to represent the people of #PA18 in Congress. Thank you for putting you‚Ä¶ https://t.co/44FHdMVfbH,True,"{'id': 984456621417000960, 'id_str': '984456621417000960', 'name': 'Conor Lamb', 'screen_name': 'RepConorLamb', 'location': 'Mount Lebanon, PA', 'description': 'U.S. Representative for #PA18, including parts of Allegheny, Westmoreland, Washington & Greene Counties in southwestern PA.', 'url': 'https://t.co/IV72iCUpal', 'entities': {'url': {'urls': [{'url': 'https://t.co/IV72iCUpal', 'expanded_url': 'http://lamb.house.gov', 'display_url': 'lamb.house.gov', 'indices': [0, 23]}]}, 'description': {'urls': []}}, 'protected': False, 'followers_count': 4289, 'friends_count': 0, 'listed_count': 6, 'created_at': 'Thu Apr 12 15:42:03 +0000 2018', 'favourites_count': 0, 'utc_offset': -25200, 'time_zone': 'Pacific Time (US & Canada)', 'geo_enabled': False, 'verified': True, 'statuses_count': 15, 'lang': 'en', 'contributors_enabled': False, 'is_translator': False, 'is_translation_enabled': False, 'profile_background_color': 'F5F8FA', 'profile_background_image_url': None, 'profile_background_image_url_https': None, 'profile_background_tile': False, 'profile_image_url': 'http://pbs.twimg.com/profile_images/984511126653231104/hEb3JBzy_normal.jpg', 'profile_image_url_https': 'https://pbs.twimg.com/profile_images/984511126653231104/hEb3JBzy_normal.jpg', 'profile_banner_url': 'https://pbs.twimg.com/profile_banners/984456621417000960/1523635857', 'profile_link_color': '1DA1F2', 'profile_sidebar_border_color': 'C0DEED', 'profile_sidebar_fill_color': 'DDEEF6', 'profile_text_color': '333333', 'profile_use_background_image': True, 'has_extended_profile': True, 'default_profile': True, 'default_profile_image': False, 'following': False, 'follow_request_sent': False, 'notifications': False, 'translator_type': 'none'}",1,155,0.8952666273247013,138.7663272353287,['PA18']
